ID,Analyte,Result,Result_Qualifier,EDL
2,Moisture_Percent,69.6,,
2,Lipid_Percent,6.2,,
2,TCDF_2378,ND,,0.17
2,TCDF_Total,ND,,0.17
2,TCDD_2378,ND,,0.14
2,TCDD_Total,ND,,0.14
2,PeCDF_12378,ND,,0.13
2,PeCDF_23478,ND,,0.14
2,PeCDF_Total,0.29,J,0.13
2,PeCDD_12378,ND,,0.3
2,PeCDD_Total,ND,,0.3
2,HxCDF_123478,ND,,0.39
2,HxCDF_123678,ND,,0.39
2,HxCDF_234678,ND,,0.34
2,HxCDF_123789,ND,,0.5
2,HxCDF_Total,ND,,0.34
2,HxCDD_123478,ND,,0.26
2,HxCDD_123678,ND,,0.26
2,HxCDD_123789,ND,,0.28
2,HxCDD_Total,ND,,0.26
2,HpCDF_1234678,ND,,0.33
2,HpCDF_1234789,ND,,1.1
2,HpCDF_Total,ND,,0.33
2,HpCDD_1234678,ND,,0.48
2,HpCDD_Total,ND,,0.48
2,OCDF,ND,,1.2
2,OCDD,ND,,1.5
2,TEQ,0,,
4,Moisture_Percent,72.2,,
4,Lipid_Percent,3.29,,
4,TCDF_2378,ND,,0.14
4,TCDF_Total,ND,,0.13
4,TCDD_2378,ND,,0.13
4,TCDD_Total,ND,,0.13
4,PeCDF_12378,ND,,0.16
4,PeCDF_23478,ND,,0.13
4,PeCDF_Total,ND,,0.13
4,PeCDD_12378,0.68,IJ,0.32
4,PeCDD_Total,ND,,0.32
4,HxCDF_123478,ND,,0.29
4,HxCDF_123678,ND,,0.37
4,HxCDF_234678,ND,,0.4
4,HxCDF_123789,ND,,0.51
4,HxCDF_Total,0.43,J,0.29
4,HxCDD_123478,ND,,0.45
4,HxCDD_123678,ND,,0.28
4,HxCDD_123789,ND,,0.32
4,HxCDD_Total,ND,,0.28
4,HpCDF_1234678,ND,,0.35
4,HpCDF_1234789,ND,,0.7
4,HpCDF_Total,ND,,0.35
4,HpCDD_1234678,ND,,0.46
4,HpCDD_Total,ND,,0.46
4,OCDF,ND,,1.1
4,OCDD,ND,,1.4
4,TEQ,0.68,,
6,Moisture_Percent,72.4,,
6,Lipid_Percent,4.28,,
6,TCDF_2378,0.14,,0.14
6,TCDF_Total,0.14,,0.14
6,TCDD_2378,ND,,0.12
6,TCDD_Total,ND,,0.12
6,PeCDF_12378,ND,,0.084
6,PeCDF_23478,ND,,0.073
6,PeCDF_Total,ND,,0.073
6,PeCDD_12378,ND,,0.11
6,PeCDD_Total,ND,,0.11
6,HxCDF_123478,ND,,0.089
6,HxCDF_123678,ND,,0.095
6,HxCDF_234678,ND,,0.095
6,HxCDF_123789,ND,,0.13
6,HxCDF_Total,ND,,0.089
6,HxCDD_123478,0.15,J,0.087
6,HxCDD_123678,ND,,0.1
6,HxCDD_123789,ND,,0.087
6,HxCDD_Total,0.15,BJ,0.087
6,HpCDF_1234678,ND,,0.11
6,HpCDF_1234789,ND,,0.11
6,HpCDF_Total,ND,,0.11
6,HpCDD_1234678,ND,,0.14
6,HpCDD_Total,ND,,0.14
6,OCDF,ND,,0.17
6,OCDD,0.31,IJ,0.19
6,TEQ,0.029,,
7,Moisture_Percent,71,,
7,Lipid_Percent,4.04,,
7,TCDF_2378,ND,,0.14
7,TCDF_Total,ND,,0.14
7,TCDD_2378,ND,,0.12
7,TCDD_Total,ND,,0.12
7,PeCDF_12378,ND,,0.15
7,PeCDF_23478,ND,,0.12
7,PeCDF_Total,ND,,0.12
7,PeCDD_12378,ND,,0.18
7,PeCDD_Total,ND,,0.18
7,HxCDF_123478,ND,,0.38
7,HxCDF_123678,ND,,0.41
7,HxCDF_234678,ND,,0.38
7,HxCDF_123789,ND,,0.49
7,HxCDF_Total,ND,,0.38
7,HxCDD_123478,ND,,0.26
7,HxCDD_123678,ND,,0.31
7,HxCDD_123789,ND,,0.33
7,HxCDD_Total,ND,,0.26
7,HpCDF_1234678,ND,,0.34
7,HpCDF_1234789,ND,,0.85
7,HpCDF_Total,ND,,0.34
7,HpCDD_1234678,ND,,0.35
7,HpCDD_Total,ND,,0.35
7,OCDF,ND,,1.7
7,OCDD,ND,,1.5
7,TEQ,0,,
8,Moisture_Percent,65.6,,
8,Lipid_Percent,11.1,,
8,TCDF_2378,ND,,0.17
8,TCDF_Total,ND,,0.17
8,TCDD_2378,ND,,0.13
8,TCDD_Total,ND,,0.13
8,PeCDF_12378,ND,,0.17
8,PeCDF_23478,ND,,0.11
8,PeCDF_Total,ND,,0.11
8,PeCDD_12378,ND,,0.23
8,PeCDD_Total,ND,,0.23
8,HxCDF_123478,ND,,0.34
8,HxCDF_123678,ND,,0.31
8,HxCDF_234678,ND,,0.3
8,HxCDF_123789,ND,,0.47
8,HxCDF_Total,ND,,0.3
8,HxCDD_123478,ND,,0.36
8,HxCDD_123678,ND,,0.35
8,HxCDD_123789,ND,,0.41
8,HxCDD_Total,ND,,0.35
8,HpCDF_1234678,ND,,0.39
8,HpCDF_1234789,ND,,0.75
8,HpCDF_Total,ND,,0.39
8,HpCDD_1234678,ND,,0.57
8,HpCDD_Total,ND,,0.57
8,OCDF,ND,,1.5
8,OCDD,ND,,1.8
8,TEQ,0,,
9,Moisture_Percent,66.9,,
9,Lipid_Percent,10.2,,
9,TCDF_2378,ND,,0.24
9,TCDF_Total,ND,,0.24
9,TCDD_2378,ND,,0.23
9,TCDD_Total,ND,,0.23
9,PeCDF_12378,ND,,0.29
9,PeCDF_23478,ND,,0.24
9,PeCDF_Total,ND,,0.24
9,PeCDD_12378,ND,,0.56
9,PeCDD_Total,ND,,0.56
9,HxCDF_123478,ND,,0.6
9,HxCDF_123678,ND,,0.64
9,HxCDF_234678,ND,,0.69
9,HxCDF_123789,ND,,0.88
9,HxCDF_Total,ND,,0.6
9,HxCDD_123478,ND,,0.58
9,HxCDD_123678,ND,,0.58
9,HxCDD_123789,ND,,0.57
9,HxCDD_Total,ND,,0.57
9,HpCDF_1234678,ND,,0.61
9,HpCDF_1234789,ND,,1.2
9,HpCDF_Total,ND,,0.61
9,HpCDD_1234678,ND,,0.57
9,HpCDD_Total,ND,,0.57
9,OCDF,ND,,2.7
9,OCDD,ND,,2.7
9,TEQ,0,,
10,Moisture_Percent,60.6,,
10,Lipid_Percent,17.3,,
10,TCDF_2378,0.79,IJ,0.22
10,TCDF_Total,1.2,,0.22
10,TCDD_2378,ND,,0.23
10,TCDD_Total,ND,,0.23
10,PeCDF_12378,ND,,0.2
10,PeCDF_23478,0.36,IJ,0.16
10,PeCDF_Total,0.27,J,0.16
10,PeCDD_12378,0.41,IJ,0.24
10,PeCDD_Total,ND,,0.24
10,HxCDF_123478,ND,,0.5
10,HxCDF_123678,ND,,0.68
10,HxCDF_234678,ND,,0.64
10,HxCDF_123789,ND,,0.63
10,HxCDF_Total,ND,,0.5
10,HxCDD_123478,ND,,0.41
10,HxCDD_123678,ND,,0.33
10,HxCDD_123789,ND,,0.42
10,HxCDD_Total,ND,,0.33
10,HpCDF_1234678,ND,,0.62
10,HpCDF_1234789,ND,,1.1
10,HpCDF_Total,ND,,0.62
10,HpCDD_1234678,ND,,0.22
10,HpCDD_Total,0.3,J,0.22
10,OCDF,ND,,1.5
10,OCDD,2.3,J,1.5
10,TEQ,0.59,,
11-1A,Moisture_Percent,70.3,,
11-1A,Lipid_Percent,0.371,,
11-1A,TCDF_2378,0.21,IJ,0.15
11-1A,TCDF_Total,0.22,J,0.15
11-1A,TCDD_2378,ND,,0.12
11-1A,TCDD_Total,ND,,0.12
11-1A,PeCDF_12378,ND,,0.17
11-1A,PeCDF_23478,ND,,0.12
11-1A,PeCDF_Total,ND,,0.12
11-1A,PeCDD_12378,ND,,0.26
11-1A,PeCDD_Total,ND,,0.26
11-1A,HxCDF_123478,ND,,0.52
11-1A,HxCDF_123678,ND,,0.78
11-1A,HxCDF_234678,ND,,0.63
11-1A,HxCDF_123789,ND,,0.76
11-1A,HxCDF_Total,ND,,0.52
11-1A,HxCDD_123478,ND,,0.47
11-1A,HxCDD_123678,ND,,0.45
11-1A,HxCDD_123789,ND,,0.45
11-1A,HxCDD_Total,ND,,0.45
11-1A,HpCDF_1234678,ND,,0.5
11-1A,HpCDF_1234789,ND,,0.86
11-1A,HpCDF_Total,ND,,0.5
11-1A,HpCDD_1234678,ND,,0.27
11-1A,HpCDD_Total,ND,,0.27
11-1A,OCDF,ND,,1.2
11-1A,OCDD,ND,,1.1
11-1A,TEQ,0.021,,
11-2A,Moisture_Percent,59,,
11-2A,Lipid_Percent,19.1,,
11-2A,TCDF_2378,0.53,J,0.18
11-2A,TCDF_Total,0.53,J,0.18
11-2A,TCDD_2378,0.22,IJ,0.19
11-2A,TCDD_Total,0.62,J,0.19
11-2A,PeCDF_12378,ND,,0.29
11-2A,PeCDF_23478,0.29,IJ,0.14
11-2A,PeCDF_Total,ND,,0.14
11-2A,PeCDD_12378,0.66,IJ,0.29
11-2A,PeCDD_Total,ND,,0.29
11-2A,HxCDF_123478,ND,,0.44
11-2A,HxCDF_123678,ND,,0.69
11-2A,HxCDF_234678,ND,,0.51
11-2A,HxCDF_123789,ND,,0.6
11-2A,HxCDF_Total,ND,,0.44
11-2A,HxCDD_123478,0.47,IJ,0.43
11-2A,HxCDD_123678,ND,,0.54
11-2A,HxCDD_123789,ND,,0.33
11-2A,HxCDD_Total,ND,,0.33
11-2A,HpCDF_1234678,ND,,0.92
11-2A,HpCDF_1234789,ND,,1.5
11-2A,HpCDF_Total,ND,,0.92
11-2A,HpCDD_1234678,ND,,0.38
11-2A,HpCDD_Total,0.4,J,0.38
11-2A,OCDF,ND,,1.5
11-2A,OCDD,ND,,1.4
11-2A,TEQ,1.1,,
1 NY,Moisture_Percent,69.3,,
1 NY,Lipid_Percent,12.4,,
1 NY,TCDF_2378,0.56,IJ,0.15
1 NY,TCDF_Total,0.52,J,0.15
1 NY,TCDD_2378,ND,,0.14
1 NY,TCDD_Total,ND,,0.14
1 NY,PeCDF_12378,ND,,0.19
1 NY,PeCDF_23478,0.25,IJ,0.12
1 NY,PeCDF_Total,ND,,0.12
1 NY,PeCDD_12378,0.31,IJ,0.21
1 NY,PeCDD_Total,ND,,0.21
1 NY,HxCDF_123478,0.41,IJ,33
1 NY,HxCDF_123678,ND,,0.55
1 NY,HxCDF_234678,ND,,0.1
1 NY,HxCDF_123789,ND,,0.4
1 NY,HxCDF_Total,ND,,0.1
1 NY,HxCDD_123478,ND,,0.31
1 NY,HxCDD_123678,ND,,0.21
1 NY,HxCDD_123789,ND,,0.53
1 NY,HxCDD_Total,ND,,0.21
1 NY,HpCDF_1234678,ND,,0.49
1 NY,HpCDF_1234789,ND,,0.61
1 NY,HpCDF_Total,ND,,0.49
1 NY,HpCDD_1234678,ND,,0.41
1 NY,HpCDD_Total,ND,,0.41
1 NY,OCDF,ND,,1.1
1 NY,OCDD,1.4,J,0.84
1 NY,TEQ,0.48,,
103-1,Moisture_Percent,65.5,,
103-1,Lipid_Percent,10.2,,
103-1,TCDF_2378,ND,,0.12
103-1,TCDF_Total,ND,,0.12
103-1,TCDD_2378,ND,,0.18
103-1,TCDD_Total,ND,,0.18
103-1,PeCDF_12378,ND,,0.093
103-1,PeCDF_23478,ND,,0.071
103-1,PeCDF_Total,ND,,0.071
103-1,PeCDD_12378,ND,,0.16
103-1,PeCDD_Total,ND,,0.16
103-1,HxCDF_123478,ND,,0.078
103-1,HxCDF_123678,ND,,0.095
103-1,HxCDF_234678,ND,,0.11
103-1,HxCDF_123789,ND,,0.15
103-1,HxCDF_Total,ND,,0.078
103-1,HxCDD_123478,0.19,IJ,0.11
103-1,HxCDD_123678,ND,,0.13
103-1,HxCDD_123789,ND,,0.13
103-1,HxCDD_Total,0.27,BJ,0.11
103-1,HpCDF_1234678,ND,,0.25
103-1,HpCDF_1234789,ND,,0.18
103-1,HpCDF_Total,ND,,18
103-1,HpCDD_1234678,ND,,0.25
103-1,HpCDD_Total,ND,,0.25
103-1,OCDF,ND,,0.3
103-1,OCDD,0.53,IJ,0.29
103-1,TEQ,0.019,,
119-4,Moisture_Percent,64,,
119-4,Lipid_Percent,13.3,,
119-4,TCDF_2378,0.16,IJ,0.11
119-4,TCDF_Total,ND,,0.11
119-4,TCDD_2378,ND,,0.15
119-4,TCDD_Total,ND,,0.15
119-4,PeCDF_12378,ND,,0.14
119-4,PeCDF_23478,ND,,0.13
119-4,PeCDF_Total,ND,,0.13
119-4,PeCDD_12378,ND,,0.19
119-4,PeCDD_Total,ND,,0.19
119-4,HxCDF_123478,ND,,0.42
119-4,HxCDF_123678,ND,,0.45
119-4,HxCDF_234678,ND,,0.4
119-4,HxCDF_123789,ND,,0.41
119-4,HxCDF_Total,ND,,0.4
119-4,HxCDD_123478,ND,,0.33
119-4,HxCDD_123678,ND,,0.37
119-4,HxCDD_123789,ND,,0.35
119-4,HxCDD_Total,ND,,0.33
119-4,HpCDF_1234678,ND,,0.64
119-4,HpCDF_1234789,ND,,1.1
119-4,HpCDF_Total,ND,,0.64
119-4,HpCDD_1234678,ND,,0.28
119-4,HpCDD_Total,ND,,0.28
119-4,OCDF,ND,,0.85
119-4,OCDD,1.1,IJ,0.77
119-4,TEQ,0.016,,
122-1,Moisture_Percent,70.2,,
122-1,Lipid_Percent,5.23,,
122-1,TCDF_2378,ND,,0.13
122-1,TCDF_Total,ND,,0.13
122-1,TCDD_2378,ND,,0.15
122-1,TCDD_Total,ND,,0.15
122-1,PeCDF_12378,ND,,0.14
122-1,PeCDF_23478,ND,,0.11
122-1,PeCDF_Total,ND,,0.11
122-1,PeCDD_12378,ND,,0.14
122-1,PeCDD_Total,ND,,0.14
122-1,HxCDF_123478,ND,,0.21
122-1,HxCDF_123678,ND,,0.23
122-1,HxCDF_234678,ND,,0.22
122-1,HxCDF_123789,ND,,31
122-1,HxCDF_Total,ND,,0.21
122-1,HxCDD_123478,ND,,0.26
122-1,HxCDD_123678,ND,,0.2
122-1,HxCDD_123789,ND,,0.23
122-1,HxCDD_Total,ND,,0.2
122-1,HpCDF_1234678,ND,,0.45
122-1,HpCDF_1234789,ND,,0.81
122-1,HpCDF_Total,ND,,0.45
122-1,HpCDD_1234678,ND,,0.22
122-1,HpCDD_Total,ND,,0.22
122-1,OCDF,ND,,0.91
122-1,OCDD,1.5,J,0.88
122-1,TEQ,0.00046,,
123-1,Moisture_Percent,63.6,,
123-1,Lipid_Percent,15.7,,
123-1,TCDF_2378,0.7,J,0.16
123-1,TCDF_Total,1.3,,0.16
123-1,TCDD_2378,0.26,J,0.17
123-1,TCDD_Total,0.26,J,0.17
123-1,PeCDF_12378,ND,,0.23
123-1,PeCDF_23478,0.43,IJ,0.15
123-1,PeCDF_Total,ND,,0.15
123-1,PeCDD_12378,0.46,IJ,0.27
123-1,PeCDD_Total,ND,,0.27
123-1,HxCDF_123478,ND,,0.37
123-1,HxCDF_123678,ND,,0.54
123-1,HxCDF_234678,ND,,0.49
123-1,HxCDF_123789,ND,,0.6
123-1,HxCDF_Total,ND,,0.37
123-1,HxCDD_123478,ND,,0.27
123-1,HxCDD_123678,ND,,0.31
123-1,HxCDD_123789,ND,,0.23
123-1,HxCDD_Total,ND,,0.23
123-1,HpCDF_1234678,ND,,0.44
123-1,HpCDF_1234789,ND,,0.68
123-1,HpCDF_Total,ND,,0.44
123-1,HpCDD_1234678,ND,,0.34
123-1,HpCDD_Total,ND,,0.34
123-1,OCDF,ND,,0.82
123-1,OCDD,1,IJ,0.96
123-1,TEQ,0.92,,
128-1,Moisture_Percent,63.9,,
128-1,Lipid_Percent,12.2,,
128-1,TCDF_2378,ND,,0.096
128-1,TCDF_Total,ND,,0.096
128-1,TCDD_2378,ND,,0.15
128-1,TCDD_Total,ND,,0.15
128-1,PeCDF_12378,ND,,0.15
128-1,PeCDF_23478,ND,,0.12
128-1,PeCDF_Total,ND,,0.12
128-1,PeCDD_12378,ND,,0.21
128-1,PeCDD_Total,ND,,0.21
128-1,HxCDF_123478,ND,,0.24
128-1,HxCDF_123678,ND,,0.34
128-1,HxCDF_234678,ND,,32
128-1,HxCDF_123789,ND,,0.38
128-1,HxCDF_Total,ND,,0.24
128-1,HxCDD_123478,ND,,0.28
128-1,HxCDD_123678,ND,,0.33
128-1,HxCDD_123789,ND,,0.34
128-1,HxCDD_Total,ND,,0.28
128-1,HpCDF_1234678,ND,,0.52
128-1,HpCDF_1234789,ND,,1.1
128-1,HpCDF_Total,ND,,0.52
128-1,HpCDD_1234678,ND,,0.34
128-1,HpCDD_Total,ND,,0.34
128-1,OCDF,ND,,1.2
128-1,OCDD,1.4,J,0.69
128-1,TEQ,0.00041,,
128-1 DUP,Moisture_Percent,,,
128-1 DUP,Lipid_Percent,12.9,,
128-1 DUP,TCDF_2378,ND,,0.076
128-1 DUP,TCDF_Total,ND,,0.076
128-1 DUP,TCDD_2378,ND,,0.12
128-1 DUP,TCDD_Total,ND,,0.12
128-1 DUP,PeCDF_12378,ND,,0.12
128-1 DUP,PeCDF_23478,ND,,0.068
128-1 DUP,PeCDF_Total,ND,,0.068
128-1 DUP,PeCDD_12378,ND,,0.18
128-1 DUP,PeCDD_Total,ND,,0.18
128-1 DUP,HxCDF_123478,ND,,0.23
128-1 DUP,HxCDF_123678,ND,,0.3
128-1 DUP,HxCDF_234678,ND,,0.29
128-1 DUP,HxCDF_123789,ND,,0.28
128-1 DUP,HxCDF_Total,ND,,0.23
128-1 DUP,HxCDD_123478,ND,,0.23
128-1 DUP,HxCDD_123678,ND,,0.22
128-1 DUP,HxCDD_123789,ND,,0.28
128-1 DUP,HxCDD_Total,ND,,0.22
128-1 DUP,HpCDF_1234678,ND,,0.37
128-1 DUP,HpCDF_1234789,ND,,0.98
128-1 DUP,HpCDF_Total,ND,,0.37
128-1 DUP,HpCDD_1234678,ND,,0.28
128-1 DUP,HpCDD_Total,ND,,0.28
128-1 DUP,OCDF,ND,,0.89
128-1 DUP,OCDD,1.6,J,0.9
128-1 DUP,TEQ,0.00047,,
131-1,Moisture_Percent,65.7,,
131-1,Lipid_Percent,12.1,,
131-1,TCDF_2378,1.1,,0.2
131-1,TCDF_Total,2.4,,0.2
131-1,TCDD_2378,0.37,IJ,0.24
131-1,TCDD_Total,ND,,0.24
131-1,PeCDF_12378,ND,,0.37
131-1,PeCDF_23478,0.77,J,0.28
131-1,PeCDF_Total,0.77,J,0.28
131-1,PeCDD_12378,0.44,IJ,0.17
131-1,PeCDD_Total,0.35,J,0.17
131-1,HxCDF_123478,0.84,PJ,0.43
131-1,HxCDF_123678,ND,,0.46
131-1,HxCDF_234678,ND,,0.47
131-1,HxCDF_123789,ND,,0.6
131-1,HxCDF_Total,ND,,0.43
131-1,HxCDD_123478,ND,,0.31
131-1,HxCDD_123678,ND,,0.31
131-1,HxCDD_123789,ND,,0.38
131-1,HxCDD_Total,ND,,0.31
131-1,HpCDF_1234678,ND,,0.57
131-1,HpCDF_1234789,ND,,0.87
131-1,HpCDF_Total,ND,,0.57
131-1,HpCDD_1234678,0.68,IJ,0.31
131-1,HpCDD_Total,ND,,0.31
131-1,OCDF,ND,,0.87
131-1,OCDD,1.9,IJ,0.65
131-1,TEQ,1.2,,
132-1,Moisture_Percent,69.3,,
132-1,Lipid_Percent,6.86,,
132-1,TCDF_2378,0.4,J,0.091
132-1,TCDF_Total,0.62,J,0.091
132-1,TCDD_2378,0.16,J,0.08
132-1,TCDD_Total,0.16,J,0.08
132-1,PeCDF_12378,ND,,0.16
132-1,PeCDF_23478,0.19,J,0.11
132-1,PeCDF_Total,0.19,J,0.11
132-1,PeCDD_12378,0.33,IJ,0.16
132-1,PeCDD_Total,ND,,0.16
132-1,HxCDF_123478,0.37,IJ,0.29
132-1,HxCDF_123678,ND,,0.41
132-1,HxCDF_234678,ND,,0.27
132-1,HxCDF_123789,ND,,0.3
132-1,HxCDF_Total,ND,,0.27
132-1,HxCDD_123478,ND,,0.19
132-1,HxCDD_123678,ND,,0.2
132-1,HxCDD_123789,ND,,0.25
132-1,HxCDD_Total,ND,,0.19
132-1,HpCDF_1234678,ND,,0.41
132-1,HpCDF_1234789,ND,,0.61
132-1,HpCDF_Total,ND,,0.41
132-1,HpCDD_1234678,0.31,J,0.21
132-1,HpCDD_Total,0.31,J,0.21
132-1,OCDF,ND,,0.72
132-1,OCDD,0.95,J,0.52
132-1,TEQ,0.63,,
136-1,Moisture_Percent,67.5,,
136-1,Lipid_Percent,10.4,,
136-1,TCDF_2378,0.44,J,0.12
136-1,TCDF_Total,1.2,,0.12
136-1,TCDD_2378,ND,,0.12
136-1,TCDD_Total,0.21,J,0.12
136-1,PeCDF_12378,ND,,0.14
136-1,PeCDF_23478,0.21,J,0.068
136-1,PeCDF_Total,0.21,J,0.068
136-1,PeCDD_12378,0.22,IJ,0.15
136-1,PeCDD_Total,ND,,0.15
136-1,HxCDF_123478,ND,,0.16
136-1,HxCDF_123678,ND,,0.32
136-1,HxCDF_234678,ND,,0.28
136-1,HxCDF_123789,ND,,0.25
136-1,HxCDF_Total,ND,,0.16
136-1,HxCDD_123478,0.39,J,0.29
136-1,HxCDD_123678,ND,,0.31
136-1,HxCDD_123789,ND,,0.26
136-1,HxCDD_Total,0.39,J,0.26
136-1,HpCDF_1234678,ND,,0.34
136-1,HpCDF_1234789,ND,,0.71
136-1,HpCDF_Total,ND,,0.34
136-1,HpCDD_1234678,ND,,0.28
136-1,HpCDD_Total,ND,,0.28
136-1,OCDF,ND,,0.58
136-1,OCDD,0.77,J,0.53
136-1,TEQ,0.37,,
138-1,Moisture_Percent,65.1,,
138-1,Lipid_Percent,10.4,,
138-1,TCDF_2378,ND,,0.097
138-1,TCDF_Total,ND,,0.097
138-1,TCDD_2378,ND,,0.2
138-1,TCDD_Total,ND,,0.2
138-1,PeCDF_12378,ND,,0.18
138-1,PeCDF_23478,0.1,IJ,0.1
138-1,PeCDF_Total,ND,,0.1
138-1,PeCDD_12378,0.2,IJ,0.19
138-1,PeCDD_Total,ND,,0.19
138-1,HxCDF_123478,ND,,0.27
138-1,HxCDF_123678,ND,,0.35
138-1,HxCDF_234678,ND,,0.26
138-1,HxCDF_123789,ND,,0.56
138-1,HxCDF_Total,0.39,J,0.26
138-1,HxCDD_123478,ND,,0.2
138-1,HxCDD_123678,ND,,0.16
138-1,HxCDD_123789,ND,,0.15
138-1,HxCDD_Total,ND,,0.15
138-1,HpCDF_1234678,ND,,0.36
138-1,HpCDF_1234789,ND,,1.1
138-1,HpCDF_Total,ND,,0.36
138-1,HpCDD_1234678,ND,,0.2
138-1,HpCDD_Total,ND,,0.2
138-1,OCDF,ND,,0.64
138-1,OCDD,ND,,0.6
138-1,TEQ,0.23,,
138-3,Moisture_Percent,68.3,,
138-3,Lipid_Percent,8.91,,
138-3,TCDF_2378,ND,,0.097
138-3,TCDF_Total,ND,,0.097
138-3,TCDD_2378,ND,,0.09
138-3,TCDD_Total,ND,,0.09
138-3,PeCDF_12378,ND,,0.099
138-3,PeCDF_23478,ND,,0.075
138-3,PeCDF_Total,ND,,0.075
138-3,PeCDD_12378,0.16,IJ,0.13
138-3,PeCDD_Total,ND,,0.13
138-3,HxCDF_123478,ND,,0.22
138-3,HxCDF_123678,ND,,0.32
138-3,HxCDF_234678,ND,,0.21
138-3,HxCDF_123789,ND,,0.26
138-3,HxCDF_Total,ND,,0.21
138-3,HxCDD_123478,ND,,0.25
138-3,HxCDD_123678,ND,,0.21
138-3,HxCDD_123789,ND,,0.25
138-3,HxCDD_Total,ND,,0.21
138-3,HpCDF_1234678,ND,,0.32
138-3,HpCDF_1234789,ND,,0.58
138-3,HpCDF_Total,ND,,0.32
138-3,HpCDD_1234678,0.52,J,0.18
138-3,HpCDD_Total,0.52,J,0.18
138-3,OCDF,ND,,0.75
138-3,OCDD,4.6,J,0.96
138-3,TEQ,0.16,,
142-1,Moisture_Percent,70.9,,
142-1,Lipid_Percent,5.81,,
142-1,TCDF_2378,0.39,J,0.2
142-1,TCDF_Total,0.7,J,0.2
142-1,TCDD_2378,0.19,J,0.12
142-1,TCDD_Total,0.19,J,0.12
142-1,PeCDF_12378,ND,,0.19
142-1,PeCDF_23478,0.19,J,0.13
142-1,PeCDF_Total,0.38,J,0.13
142-1,PeCDD_12378,0.29,J,0.17
142-1,PeCDD_Total,0.29,J,0.17
142-1,HxCDF_123478,ND,,0.39
142-1,HxCDF_123678,ND,,0.57
142-1,HxCDF_234678,ND,,0.35
142-1,HxCDF_123789,ND,,0.43
142-1,HxCDF_Total,ND,,0.35
142-1,HxCDD_123478,ND,,0.41
142-1,HxCDD_123678,ND,,0.32
142-1,HxCDD_123789,ND,,0.54
142-1,HxCDD_Total,ND,,0.32
142-1,HpCDF_1234678,ND,,0.66
142-1,HpCDF_1234789,ND,,1.1
142-1,HpCDF_Total,ND,,0.66
142-1,HpCDD_1234678,0.37,J,0.24
142-1,HpCDD_Total,0.37,J,0.24
142-1,OCDF,ND,,0.88
142-1,OCDD,ND,,0.82
142-1,TEQ,0.59,,
148-1,Moisture_Percent,59.8,,
148-1,Lipid_Percent,18.7,,
148-1,TCDF_2378,ND,,0.44
148-1,TCDF_Total,0.48,J,0.44
148-1,TCDD_2378,ND,,0.35
148-1,TCDD_Total,0.41,J,0.35
148-1,PeCDF_12378,ND,,0.26
148-1,PeCDF_23478,0.34,IJ,0.15
148-1,PeCDF_Total,ND,,0.15
148-1,PeCDD_12378,ND,,0.21
148-1,PeCDD_Total,ND,,0.21
148-1,HxCDF_123478,ND,,0.18
148-1,HxCDF_123678,ND,,0.15
148-1,HxCDF_234678,ND,,0.16
148-1,HxCDF_123789,ND,,0.28
148-1,HxCDF_Total,ND,,0.15
148-1,HxCDD_123478,ND,,0.18
148-1,HxCDD_123678,ND,,0.18
148-1,HxCDD_123789,ND,,0.18
148-1,HxCDD_Total,ND,,0.18
148-1,HpCDF_1234678,ND,,0.36
148-1,HpCDF_1234789,ND,,0.41
148-1,HpCDF_Total,ND,,0.36
148-1,HpCDD_1234678,0.26,IJ,0.18
148-1,HpCDD_Total,ND,,0.18
148-1,OCDF,ND,,0.39
148-1,OCDD,ND,,0.4
148-1,TEQ,0.1,,
150-1,Moisture_Percent,65.7,,
150-1,Lipid_Percent,10.3,,
150-1,TCDF_2378,0.75,J,0.19
150-1,TCDF_Total,0.75,J,0.19
150-1,TCDD_2378,ND,,0.22
150-1,TCDD_Total,ND,,0.22
150-1,PeCDF_12378,ND,,0.15
150-1,PeCDF_23478,ND,,0.12
150-1,PeCDF_Total,ND,,0.12
150-1,PeCDD_12378,ND,,0.16
150-1,PeCDD_Total,ND,,0.16
150-1,HxCDF_123478,ND,,0.15
150-1,HxCDF_123678,ND,,0.14
150-1,HxCDF_234678,0.19,PJ,0.14
150-1,HxCDF_123789,ND,,0.15
150-1,HxCDF_Total,ND,,0.14
150-1,HxCDD_123478,ND,,0.16
150-1,HxCDD_123678,ND,,0.16
150-1,HxCDD_123789,ND,,0.13
150-1,HxCDD_Total,ND,,0.13
150-1,HpCDF_1234678,ND,,0.33
150-1,HpCDF_1234789,ND,,0.34
150-1,HpCDF_Total,ND,,0.33
150-1,HpCDD_1234678,ND,,0.17
150-1,HpCDD_Total,ND,,0.17
150-1,OCDF,ND,,0.26
150-1,OCDD,ND,,0.36
150-1,TEQ,0.094,,
150-1 DUP,Moisture_Percent,,,
150-1 DUP,Lipid_Percent,10.2,,
150-1 DUP,TCDF_2378,0.83,J,0.28
150-1 DUP,TCDF_Total,1.5,,0.28
150-1 DUP,TCDD_2378,ND,,0.14
150-1 DUP,TCDD_Total,ND,,0.14
150-1 DUP,PeCDF_12378,ND,,0.13
150-1 DUP,PeCDF_23478,0.15,IJ,0.11
150-1 DUP,PeCDF_Total,0.11,J,0.11
150-1 DUP,PeCDD_12378,ND,,0.14
150-1 DUP,PeCDD_Total,ND,,0.14
150-1 DUP,HxCDF_123478,ND,,0.095
150-1 DUP,HxCDF_123678,ND,,0.096
150-1 DUP,HxCDF_234678,0.23,IJ,0.16
150-1 DUP,HxCDF_123789,ND,,0.12
150-1 DUP,HxCDF_Total,ND,,0.095
150-1 DUP,HxCDD_123478,0.15,IJ,0.13
150-1 DUP,HxCDD_123678,ND,,0.12
150-1 DUP,HxCDD_123789,ND,,0.13
150-1 DUP,HxCDD_Total,ND,,0.12
150-1 DUP,HpCDF_1234678,ND,,0.22
150-1 DUP,HpCDF_1234789,ND,,0.24
150-1 DUP,HpCDF_Total,ND,,0.22
150-1 DUP,HpCDD_1234678,ND,,0.16
150-1 DUP,HpCDD_Total,ND,,0.16
150-1 DUP,OCDF,ND,,0.28
150-1 DUP,OCDD,0.38,IJ,0.36
150-1 DUP,TEQ,0.17,,
158-1,Moisture_Percent,65.5,,
158-1,Lipid_Percent,12,,
158-1,TCDF_2378,0.14,IJ,0.1
158-1,TCDF_Total,ND,,0.1
158-1,TCDD_2378,ND,,0.12
158-1,TCDD_Total,ND,,0.12
158-1,PeCDF_12378,ND,,0.11
158-1,PeCDF_23478,ND,,0.11
158-1,PeCDF_Total,0.12,J,0.11
158-1,PeCDD_12378,ND,,0.15
158-1,PeCDD_Total,ND,,0.15
158-1,HxCDF_123478,ND,,0.24
158-1,HxCDF_123678,ND,,0.41
158-1,HxCDF_234678,ND,,0.29
158-1,HxCDF_123789,ND,,0.55
158-1,HxCDF_Total,ND,,0.24
158-1,HxCDD_123478,ND,,0.22
158-1,HxCDD_123678,ND,,0.29
158-1,HxCDD_123789,ND,,0.27
158-1,HxCDD_Total,ND,,0.22
158-1,HpCDF_1234678,ND,,0.5
158-1,HpCDF_1234789,ND,,0.87
158-1,HpCDF_Total,ND,,0.5
158-1,HpCDD_1234678,ND,,0.19
158-1,HpCDD_Total,0.25,J,0.19
158-1,OCDF,ND,,0.89
158-1,OCDD,ND,,0.84
158-1,TEQ,0.014,,
177-1,Moisture_Percent,67.6,,
177-1,Lipid_Percent,8.22,,
177-1,TCDF_2378,ND,,0.36
177-1,TCDF_Total,ND,,0.36
177-1,TCDD_2378,ND,,0.19
177-1,TCDD_Total,ND,,0.19
177-1,PeCDF_12378,ND,,0.31
177-1,PeCDF_23478,ND,,0.24
177-1,PeCDF_Total,ND,,0.24
177-1,PeCDD_12378,0.44,IJ,0.24
177-1,PeCDD_Total,ND,,0.24
177-1,HxCDF_123478,3,PJ,0.19
177-1,HxCDF_123678,ND,,0.24
177-1,HxCDF_234678,ND,,0.21
177-1,HxCDF_123789,ND,,0.26
177-1,HxCDF_Total,ND,,0.19
177-1,HxCDD_123478,0.21,IJ,0.15
177-1,HxCDD_123678,0.25,IJ,0.14
177-1,HxCDD_123789,ND,,0.14
177-1,HxCDD_Total,ND,,0.14
177-1,HpCDF_1234678,ND,,0.4
177-1,HpCDF_1234789,ND,,0.79
177-1,HpCDF_Total,ND,,0.4
177-1,HpCDD_1234678,0.54,J,0.19
177-1,HpCDD_Total,0.54,J,0.19
177-1,OCDF,ND,,0.39
177-1,OCDD,0.82,J,0.37
177-1,TEQ,0.79,,
184-1,Moisture_Percent,63.4,,
184-1,Lipid_Percent,12.3,,
184-1,TCDF_2378,0.67,IJ,0.22
184-1,TCDF_Total,0.56,J,0.22
184-1,TCDD_2378,0.7,IJ,0.23
184-1,TCDD_Total,ND,,0.23
184-1,PeCDF_12378,ND,,0.38
184-1,PeCDF_23478,0.51,IJ,0.21
184-1,PeCDF_Total,0.38,J,0.21
184-1,PeCDD_12378,0.97,IJ,0.2
184-1,PeCDD_Total,ND,,0.2
184-1,HxCDF_123478,6.9,P,0.17
184-1,HxCDF_123678,ND,,0.23
184-1,HxCDF_234678,0.21,J,0.18
184-1,HxCDF_123789,ND,,0.22
184-1,HxCDF_Total,0.22,J,0.17
184-1,HxCDD_123478,0.96,IJ,0.22
184-1,HxCDD_123678,1.2,IJ,0.21
184-1,HxCDD_123789,0.56,J,0.22
184-1,HxCDD_Total,0.56,J,0.21
184-1,HpCDF_1234678,ND,,0.53
184-1,HpCDF_1234789,ND,,0.87
184-1,HpCDF_Total,ND,,0.53
184-1,HpCDD_1234678,1.8,IJ,0.27
184-1,HpCDD_Total,ND,,0.27
184-1,OCDF,ND,,0.41
184-1,OCDD,2.3,IJ,0.57
184-1,TEQ,2.9,,
184-2,Moisture_Percent,59.8,,
184-2,Lipid_Percent,17.2,,
184-2,TCDF_2378,0.78,J,0.11
184-2,TCDF_Total,2.4,,0.11
184-2,TCDD_2378,0.61,J,0.11
184-2,TCDD_Total,0.91,J,0.11
184-2,PeCDF_12378,ND,,0.46
184-2,PeCDF_23478,0.38,J,0.11
184-2,PeCDF_Total,1.2,J,0.11
184-2,PeCDD_12378,0.83,J,0.13
184-2,PeCDD_Total,0.83,J,0.13
184-2,HxCDF_123478,0.26,J,0.089
184-2,HxCDF_123678,0.4,J,0.1
184-2,HxCDF_234678,0.15,J,0.062
184-2,HxCDF_123789,ND,,0.15
184-2,HxCDF_Total,1.1,J,0.062
184-2,HxCDD_123478,0.72,IJ,0.077
184-2,HxCDD_123678,1.1,J,0.053
184-2,HxCDD_123789,0.27,IJ,0.05
184-2,HxCDD_Total,1.1,J,0.05
184-2,HpCDF_1234678,0.19,IJ,0.16
184-2,HpCDF_1234789,ND,,0.26
184-2,HpCDF_Total,ND,,0.16
184-2,HpCDD_1234678,2.2,J,0.098
184-2,HpCDD_Total,2.2,J,0.098
184-2,OCDF,0.26,J,0.17
184-2,OCDD,2.9,J,0.15
184-2,TEQ,1.9,,
190-1A,Moisture_Percent,64.6,,
190-1A,Lipid_Percent,14.6,,
190-1A,TCDF_2378,0.8,J,0.064
190-1A,TCDF_Total,1.6,J,0.064
190-1A,TCDD_2378,0.1,J,0.069
190-1A,TCDD_Total,0.1,J,0.069
190-1A,PeCDF_12378,ND,,0.29
190-1A,PeCDF_23478,0.36,J,0.065
190-1A,PeCDF_Total,0.62,J,0.065
190-1A,PeCDD_12378,0.45,IJ,0.13
190-1A,PeCDD_Total,ND,,0.13
190-1A,HxCDF_123478,0.23,J,0.091
190-1A,HxCDF_123678,0.26,IJ,0.082
190-1A,HxCDF_234678,ND,,0.059
190-1A,HxCDF_123789,ND,,0.14
190-1A,HxCDF_Total,0.23,J,0.059
190-1A,HxCDD_123478,0.44,J,0.088
190-1A,HxCDD_123678,0.54,J,0.076
190-1A,HxCDD_123789,ND,,0.092
190-1A,HxCDD_Total,0.96,J,0.076
190-1A,HpCDF_1234678,0.16,J,0.1
190-1A,HpCDF_1234789,ND,,0.2
190-1A,HpCDF_Total,0.16,J,0.1
190-1A,HpCDD_1234678,0.57,J,0.076
190-1A,HpCDD_Total,0.57,J,0.076
190-1A,OCDF,ND,,0.12
190-1A,OCDD,0.6,IJ,0.13
190-1A,TEQ,0.89,,
190-1B,Moisture_Percent,71.2,,
190-1B,Lipid_Percent,4.54,,
190-1B,TCDF_2378,0.45,J,0.051
190-1B,TCDF_Total,0.87,J,0.051
190-1B,TCDD_2378,0.056,J,0.037
190-1B,TCDD_Total,0.056,J,0.037
190-1B,PeCDF_12378,ND,,0.082
190-1B,PeCDF_23478,0.12,IJ,0.091
190-1B,PeCDF_Total,0.1,J,0.082
190-1B,PeCDD_12378,0.24,J,0.098
190-1B,PeCDD_Total,0.38,J,0.098
190-1B,HxCDF_123478,0.085,IJ,0.059
190-1B,HxCDF_123678,0.31,J,0.061
190-1B,HxCDF_234678,0.5,PJ,0.063
190-1B,HxCDF_123789,ND,,0.15
190-1B,HxCDF_Total,0.31,J,0.059
190-1B,HxCDD_123478,0.18,IJ,0.036
190-1B,HxCDD_123678,0.16,IJ,0.056
190-1B,HxCDD_123789,ND,,0.065
190-1B,HxCDD_Total,ND,,0.036
190-1B,HpCDF_1234678,ND,,0.12
190-1B,HpCDF_1234789,ND,,0.2
190-1B,HpCDF_Total,ND,,0.12
190-1B,HpCDD_1234678,0.2,J,0.061
190-1B,HpCDD_Total,0.2,J,0.061
190-1B,OCDF,ND,,0.1
190-1B,OCDD,0.52,J,0.12
190-1B,TEQ,0.5,,
197-1,Moisture_Percent,61.9,,
197-1,Lipid_Percent,15.1,,
197-1,TCDF_2378,0.35,J,0.08
197-1,TCDF_Total,1.3,,0.08
197-1,TCDD_2378,ND,,0.087
197-1,TCDD_Total,0.2,J,0.087
197-1,PeCDF_12378,ND,,0.17
197-1,PeCDF_23478,0.27,J,0.067
197-1,PeCDF_Total,0.94,J,0.067
197-1,PeCDD_12378,0.22,IJ,0.095
197-1,PeCDD_Total,ND,,0.095
197-1,HxCDF_123478,0.12,J,0.078
197-1,HxCDF_123678,0.16,J,0.069
197-1,HxCDF_234678,0.15,J,0.068
197-1,HxCDF_123789,ND,,0.13
197-1,HxCDF_Total,0.54,J,0.068
197-1,HxCDD_123478,0.25,IJ,0.071
197-1,HxCDD_123678,0.24,J,0.064
197-1,HxCDD_123789,0.068,J,0.066
197-1,HxCDD_Total,0.075,J,0.064
197-1,HpCDF_1234678,ND,,0.097
197-1,HpCDF_1234789,ND,,0.19
197-1,HpCDF_Total,ND,,0.097
197-1,HpCDD_1234678,0.52,J,0.081
197-1,HpCDD_Total,0.52,J,0.081
197-1,OCDF,ND,,0.13
197-1,OCDD,1.5,J,0.13
197-1,TEQ,0.44,,
205-1,Moisture_Percent,61.8,,
205-1,Lipid_Percent,16.4,,
205-1,TCDF_2378,1.1,,0.074
205-1,TCDF_Total,3.4,,0.074
205-1,TCDD_2378,0.27,J,0.049
205-1,TCDD_Total,0.39,J,0.049
205-1,PeCDF_12378,0.28,J,0.17
205-1,PeCDF_23478,0.76,J,0.11
205-1,PeCDF_Total,1.9,J,0.11
205-1,PeCDD_12378,0.57,IJ,0.11
205-1,PeCDD_Total,ND,,0.11
205-1,HxCDF_123478,0.14,IJ,0.056
205-1,HxCDF_123678,0.5,PJ,0.068
205-1,HxCDF_234678,0.6,PJ,0.047
205-1,HxCDF_123789,ND,,0.097
205-1,HxCDF_Total,0.37,J,0.047
205-1,HxCDD_123478,0.41,J,0.086
205-1,HxCDD_123678,0.55,J,0.05
205-1,HxCDD_123789,0.16,J,0.048
205-1,HxCDD_Total,1.1,J,0.048
205-1,HpCDF_1234678,0.82,J,0.14
205-1,HpCDF_1234789,ND,,0.24
205-1,HpCDF_Total,0.82,J,0.14
205-1,HpCDD_1234678,1.2,IJ,0.048
205-1,HpCDD_Total,ND,,0.048
205-1,OCDF,0.14,J,0.092
205-1,OCDD,3.8,J,0.1
205-1,TEQ,1.4,,
206-1,Moisture_Percent,68.1,,
206-1,Lipid_Percent,10,,
206-1,TCDF_2378,ND,,0.066
206-1,TCDF_Total,0.1,J,0.066
206-1,TCDD_2378,ND,,0.053
206-1,TCDD_Total,ND,,0.053
206-1,PeCDF_12378,ND,,0.11
206-1,PeCDF_23478,ND,,0.052
206-1,PeCDF_Total,ND,,0.052
206-1,PeCDD_12378,0.086,IJ,0.086
206-1,PeCDD_Total,ND,,0.086
206-1,HxCDF_123478,ND,,0.045
206-1,HxCDF_123678,ND,,0.041
206-1,HxCDF_234678,ND,,0.041
206-1,HxCDF_123789,ND,,0.08
206-1,HxCDF_Total,ND,,0.041
206-1,HxCDD_123478,0.14,IJ,0.056
206-1,HxCDD_123678,0.063,IJ,0.056
206-1,HxCDD_123789,ND,,0.045
206-1,HxCDD_Total,ND,,0.045
206-1,HpCDF_1234678,ND,,0.12
206-1,HpCDF_1234789,ND,,0.13
206-1,HpCDF_Total,ND,,0.12
206-1,HpCDD_1234678,0.26,IJ,0.087
206-1,HpCDD_Total,ND,,0.087
206-1,OCDF,ND,,0.1
206-1,OCDD,1.2,J,0.15
206-1,TEQ,0.11,,
209-1,Moisture_Percent,61.9,,
209-1,Lipid_Percent,17,,
209-1,TCDF_2378,0.21,J,0.11
209-1,TCDF_Total,0.47,J,0.11
209-1,TCDD_2378,0.08,J,0.058
209-1,TCDD_Total,0.08,J,0.058
209-1,PeCDF_12378,0.11,J,0.11
209-1,PeCDF_23478,0.13,IJ,0.056
209-1,PeCDF_Total,0.11,J,0.056
209-1,PeCDD_12378,0.23,IJ,0.079
209-1,PeCDD_Total,ND,,0.079
209-1,HxCDF_123478,0.52,PJ,0.095
209-1,HxCDF_123678,ND,,0.21
209-1,HxCDF_234678,ND,,0.12
209-1,HxCDF_123789,0.12,IJ,0.12
209-1,HxCDF_Total,ND,,0.095
209-1,HxCDD_123478,0.24,IJ,0.098
209-1,HxCDD_123678,0.19,IJ,0.077
209-1,HxCDD_123789,ND,,0.085
209-1,HxCDD_Total,ND,,0.077
209-1,HpCDF_1234678,ND,,0.2
209-1,HpCDF_1234789,ND,,0.37
209-1,HpCDF_Total,ND,,0.2
209-1,HpCDD_1234678,0.71,IJ,0.11
209-1,HpCDD_Total,ND,,0.11
209-1,OCDF,ND,,0.21
209-1,OCDD,4.1,J,0.3
209-1,TEQ,0.49,,
209-1 DUP,Moisture_Percent,,,
209-1 DUP,Lipid_Percent,16.8,,
209-1 DUP,TCDF_2378,0.2,J,0.1
209-1 DUP,TCDF_Total,0.5,J,0.1
209-1 DUP,TCDD_2378,ND,,0.11
209-1 DUP,TCDD_Total,ND,,0.11
209-1 DUP,PeCDF_12378,0.17,IJ,0.17
209-1 DUP,PeCDF_23478,0.21,IJ,0.098
209-1 DUP,PeCDF_Total,ND,,0.098
209-1 DUP,PeCDD_12378,0.14,IJ,0.11
209-1 DUP,PeCDD_Total,ND,,0.11
209-1 DUP,HxCDF_123478,0.61,PJ,0.14
209-1 DUP,HxCDF_123678,ND,,0.28
209-1 DUP,HxCDF_234678,ND,,0.15
209-1 DUP,HxCDF_123789,ND,,0.24
209-1 DUP,HxCDF_Total,ND,,0.14
209-1 DUP,HxCDD_123478,0.29,IJ,0.13
209-1 DUP,HxCDD_123678,0.17,IJ,0.13
209-1 DUP,HxCDD_123789,0.14,IJ,0.11
209-1 DUP,HxCDD_Total,0.27,J,0.11
209-1 DUP,HpCDF_1234678,ND,,0.32
209-1 DUP,HpCDF_1234789,ND,,0.44
209-1 DUP,HpCDF_Total,ND,,0.32
209-1 DUP,HpCDD_1234678,0.6,IJ,0.16
209-1 DUP,HpCDD_Total,ND,,0.16
209-1 DUP,OCDF,0.38,J,0.29
209-1 DUP,OCDD,3.3,J,0.45
209-1 DUP,TEQ,0.35,,
209-2,Moisture_Percent,71.2,,
209-2,Lipid_Percent,6.96,,
209-2,TCDF_2378,ND,,0.088
209-2,TCDF_Total,ND,,0.088
209-2,TCDD_2378,ND,,0.099
209-2,TCDD_Total,ND,,0.099
209-2,PeCDF_12378,ND,,0.11
209-2,PeCDF_23478,ND,,0.091
209-2,PeCDF_Total,ND,,0.091
209-2,PeCDD_12378,ND,,0.095
209-2,PeCDD_Total,ND,,0.095
209-2,HxCDF_123478,ND,,0.21
209-2,HxCDF_123678,ND,,0.33
209-2,HxCDF_234678,ND,,0.18
209-2,HxCDF_123789,ND,,0.26
209-2,HxCDF_Total,ND,,0.18
209-2,HxCDD_123478,0.24,IJ,0.14
209-2,HxCDD_123678,ND,,0.13
209-2,HxCDD_123789,ND,,0.12
209-2,HxCDD_Total,ND,,0.12
209-2,HpCDF_1234678,ND,,0.24
209-2,HpCDF_1234789,ND,,0.68
209-2,HpCDF_Total,ND,,0.24
209-2,HpCDD_1234678,0.25,IJ,0.15
209-2,HpCDD_Total,ND,,0.15
209-2,OCDF,ND,,0.48
209-2,OCDD,1.5,J,0.4
209-2,TEQ,0.027,,
210-1,Moisture_Percent,72.3,,
210-1,Lipid_Percent,3.69,,
210-1,TCDF_2378,ND,,0.097
210-1,TCDF_Total,ND,,0.097
210-1,TCDD_2378,ND,,0.12
210-1,TCDD_Total,ND,,0.12
210-1,PeCDF_12378,ND,,0.086
210-1,PeCDF_23478,ND,,0.066
210-1,PeCDF_Total,ND,,0.066
210-1,PeCDD_12378,ND,,0.097
210-1,PeCDD_Total,ND,,0.097
210-1,HxCDF_123478,ND,,0.1
210-1,HxCDF_123678,ND,,0.11
210-1,HxCDF_234678,ND,,0.09
210-1,HxCDF_123789,ND,,0.12
210-1,HxCDF_Total,ND,,0.09
210-1,HxCDD_123478,0.17,J,0.095
210-1,HxCDD_123678,ND,,0.086
210-1,HxCDD_123789,ND,,0.097
210-1,HxCDD_Total,0.17,BJ,0.086
210-1,HpCDF_1234678,ND,,0.13
210-1,HpCDF_1234789,ND,,0.13
210-1,HpCDF_Total,ND,,0.13
210-1,HpCDD_1234678,0.25,J,0.067
210-1,HpCDD_Total,0.25,J,0.067
210-1,OCDF,ND,,0.15
210-1,OCDD,1.3,BJ,0.26
210-1,TEQ,0.02,,
21-1,Moisture_Percent,62.4,,
21-1,Lipid_Percent,13,,
21-1,TCDF_2378,ND,,0.094
21-1,TCDF_Total,ND,,0.094
21-1,TCDD_2378,ND,,0.18
21-1,TCDD_Total,ND,,0.18
21-1,PeCDF_12378,ND,,0.13
21-1,PeCDF_23478,ND,,0.12
21-1,PeCDF_Total,ND,,0.12
21-1,PeCDD_12378,ND,,0.18
21-1,PeCDD_Total,ND,,0.18
21-1,HxCDF_123478,ND,,0.22
21-1,HxCDF_123678,ND,,0.42
21-1,HxCDF_234678,ND,,0.34
21-1,HxCDF_123789,ND,,0.29
21-1,HxCDF_Total,ND,,0.22
21-1,HxCDD_123478,ND,,0.31
21-1,HxCDD_123678,ND,,0.27
21-1,HxCDD_123789,ND,,0.24
21-1,HxCDD_Total,ND,,0.24
21-1,HpCDF_1234678,ND,,0.53
21-1,HpCDF_1234789,ND,,0.89
21-1,HpCDF_Total,ND,,0.53
21-1,HpCDD_1234678,ND,,0.23
21-1,HpCDD_Total,ND,,0.23
21-1,OCDF,ND,,0.51
21-1,OCDD,0.79,IJ,0.57
21-1,TEQ,0.00024,,
213-2,Moisture_Percent,68.7,,
213-2,Lipid_Percent,10.2,,
213-2,TCDF_2378,ND,,0.21
213-2,TCDF_Total,ND,,0.21
213-2,TCDD_2378,ND,,0.12
213-2,TCDD_Total,ND,,0.12
213-2,PeCDF_12378,ND,,0.19
213-2,PeCDF_23478,ND,,0.13
213-2,PeCDF_Total,ND,,0.13
213-2,PeCDD_12378,ND,,0.18
213-2,PeCDD_Total,ND,,0.18
213-2,HxCDF_123478,ND,,0.18
213-2,HxCDF_123678,ND,,0.14
213-2,HxCDF_234678,ND,,0.2
213-2,HxCDF_123789,ND,,0.16
213-2,HxCDF_Total,0.16,J,0.14
213-2,HxCDD_123478,ND,,0.16
213-2,HxCDD_123678,ND,,0.2
213-2,HxCDD_123789,ND,,0.12
213-2,HxCDD_Total,ND,,0.12
213-2,HpCDF_1234678,ND,,0.14
213-2,HpCDF_1234789,ND,,0.49
213-2,HpCDF_Total,ND,,0.14
213-2,HpCDD_1234678,ND,,0.11
213-2,HpCDD_Total,ND,,0.11
213-2,OCDF,ND,,0.58
213-2,OCDD,0.42,IJ,0.4
213-2,TEQ,0.00013,,
216-1,Moisture_Percent,65.1,,
216-1,Lipid_Percent,14.1,,
216-1,TCDF_2378,ND,,0.14
216-1,TCDF_Total,ND,,0.14
216-1,TCDD_2378,ND,,0.087
216-1,TCDD_Total,ND,,0.087
216-1,PeCDF_12378,ND,,0.089
216-1,PeCDF_23478,ND,,0.094
216-1,PeCDF_Total,ND,,0.089
216-1,PeCDD_12378,ND,,0.19
216-1,PeCDD_Total,ND,,0.19
216-1,HxCDF_123478,ND,,0.14
216-1,HxCDF_123678,ND,,0.14
216-1,HxCDF_234678,ND,,0.16
216-1,HxCDF_123789,ND,,0.22
216-1,HxCDF_Total,ND,,0.14
216-1,HxCDD_123478,ND,,0.16
216-1,HxCDD_123678,ND,,0.17
216-1,HxCDD_123789,ND,,0.14
216-1,HxCDD_Total,ND,,0.14
216-1,HpCDF_1234678,ND,,0.17
216-1,HpCDF_1234789,ND,,0.3
216-1,HpCDF_Total,ND,,0.17
216-1,HpCDD_1234678,0.29,IJ,0.21
216-1,HpCDD_Total,ND,,0.21
216-1,OCDF,ND,,0.37
216-1,OCDD,ND,,0.34
216-1,TEQ,0.0029,,
219-01,Moisture_Percent,70.7,,
219-01,Lipid_Percent,3.06,,
219-01,TCDF_2378,1.9,,0.1
219-01,TCDF_Total,3.5,,0.1
219-01,TCDD_2378,0.25,J,0.18
219-01,TCDD_Total,0.25,J,0.18
219-01,PeCDF_12378,ND,,0.13
219-01,PeCDF_23478,0.49,J,0.089
219-01,PeCDF_Total,0.49,J,0.089
219-01,PeCDD_12378,0.87,J,0.25
219-01,PeCDD_Total,0.87,J,0.25
219-01,HxCDF_123478,ND,,0.16
219-01,HxCDF_123678,0.18,IJ,0.089
219-01,HxCDF_234678,ND,,0.096
219-01,HxCDF_123789,ND,,0.13
219-01,HxCDF_Total,ND,,0.089
219-01,HxCDD_123478,ND,,0.13
219-01,HxCDD_123678,ND,,0.13
219-01,HxCDD_123789,ND,,0.15
219-01,HxCDD_Total,ND,,0.13
219-01,HpCDF_1234678,ND,,0.22
219-01,HpCDF_1234789,ND,,0.9
219-01,HpCDF_Total,ND,,0.22
219-01,HpCDD_1234678,ND,,0.13
219-01,HpCDD_Total,ND,,0.13
219-01,OCDF,ND,,0.3
219-01,OCDD,1.3,J,0.6
219-01,TEQ,1.5,,
26-2,Moisture_Percent,67.3,,
26-2,Lipid_Percent,8.68,,
26-2,TCDF_2378,0.47,J,0.17
26-2,TCDF_Total,0.47,J,0.17
26-2,TCDD_2378,ND,,0.13
26-2,TCDD_Total,ND,,0.13
26-2,PeCDF_12378,ND,,0.27
26-2,PeCDF_23478,ND,,0.17
26-2,PeCDF_Total,ND,,0.17
26-2,PeCDD_12378,0.38,IJ,0.3
26-2,PeCDD_Total,ND,,0.3
26-2,HxCDF_123478,ND,,0.2
26-2,HxCDF_123678,ND,,0.21
26-2,HxCDF_234678,ND,,0.16
26-2,HxCDF_123789,ND,,0.29
26-2,HxCDF_Total,ND,,0.16
26-2,HxCDD_123478,ND,,0.38
26-2,HxCDD_123678,ND,,0.15
26-2,HxCDD_123789,ND,,0.19
26-2,HxCDD_Total,ND,,0.15
26-2,HpCDF_1234678,ND,,0.24
26-2,HpCDF_1234789,ND,,0.64
26-2,HpCDF_Total,ND,,0.24
26-2,HpCDD_1234678,ND,,0.23
26-2,HpCDD_Total,0.28,J,0.23
26-2,OCDF,ND,,0.46
26-2,OCDD,ND,,0.63
26-2,TEQ,0.43,,
34-1,Moisture_Percent,62.3,,
34-1,Lipid_Percent,15.8,,
34-1,TCDF_2378,0.59,J,0.16
34-1,TCDF_Total,0.83,J,0.16
34-1,TCDD_2378,ND,,0.1
34-1,TCDD_Total,ND,,0.1
34-1,PeCDF_12378,ND,,0.19
34-1,PeCDF_23478,0.4,IJ,0.15
34-1,PeCDF_Total,0.85,J,0.15
34-1,PeCDD_12378,0.35,IJ,0.27
34-1,PeCDD_Total,ND,,0.27
34-1,HxCDF_123478,0.23,IJ,0.13
34-1,HxCDF_123678,0.26,IJ,0.13
34-1,HxCDF_234678,0.41,J,0.15
34-1,HxCDF_123789,0.2,IJ,0.15
34-1,HxCDF_Total,0.65,J,0.13
34-1,HxCDD_123478,ND,,0.22
34-1,HxCDD_123678,ND,,0.18
34-1,HxCDD_123789,ND,,0.18
34-1,HxCDD_Total,ND,,0.18
34-1,HpCDF_1234678,0.74,J,0.22
34-1,HpCDF_1234789,ND,,0.68
34-1,HpCDF_Total,0.74,J,0.22
34-1,HpCDD_1234678,0.43,IJ,0.15
34-1,HpCDD_Total,ND,,0.15
34-1,OCDF,ND,,0.44
34-1,OCDD,ND,,0.3
34-1,TEQ,0.64,,
37-2,Moisture_Percent,69.6,,
37-2,Lipid_Percent,5.75,,
37-2,TCDF_2378,0.21,J,0.12
37-2,TCDF_Total,0.42,J,0.12
37-2,TCDD_2378,ND,,0.16
37-2,TCDD_Total,0.22,J,0.16
37-2,PeCDF_12378,ND,,0.18
37-2,PeCDF_23478,0.25,J,0.11
37-2,PeCDF_Total,0.43,J,0.11
37-2,PeCDD_12378,0.23,J,0.17
37-2,PeCDD_Total,ND,,0.17
37-2,HxCDF_123478,ND,,0.13
37-2,HxCDF_123678,0.37,PJ,0.13
37-2,HxCDF_234678,0.31,J,0.14
37-2,HxCDF_123789,ND,,0.18
37-2,HxCDF_Total,1.7,J,0.13
37-2,HxCDD_123478,ND,,0.13
37-2,HxCDD_123678,ND,,0.12
37-2,HxCDD_123789,ND,,0.14
37-2,HxCDD_Total,ND,,0.12
37-2,HpCDF_1234678,0.62,J,0.17
37-2,HpCDF_1234789,ND,,0.57
37-2,HpCDF_Total,0.62,J,0.17
37-2,HpCDD_1234678,0.45,J,0.14
37-2,HpCDD_Total,0.45,J,0.14
37-2,OCDF,ND,,0.29
37-2,OCDD,0.66,IJ,0.48
37-2,TEQ,0.41,,
41-1,Moisture_Percent,66.1,,
41-1,Lipid_Percent,9.51,,
41-1,TCDF_2378,ND,,0.29
41-1,TCDF_Total,6.6,,0.29
41-1,TCDD_2378,ND,,0.12
41-1,TCDD_Total,1.1,J,0.12
41-1,PeCDF_12378,ND,,0.26
41-1,PeCDF_23478,0.25,IJ,0.22
41-1,PeCDF_Total,1.8,J,0.22
41-1,PeCDD_12378,ND,,0.33
41-1,PeCDD_Total,ND,,0.33
41-1,HxCDF_123478,0.52,J,0.26
41-1,HxCDF_123678,0.57,IJ,0.23
41-1,HxCDF_234678,0.46,J,0.24
41-1,HxCDF_123789,ND,,0.28
41-1,HxCDF_Total,2.8,J,0.23
41-1,HxCDD_123478,ND,,0.22
41-1,HxCDD_123678,ND,,0.13
41-1,HxCDD_123789,ND,,0.16
41-1,HxCDD_Total,ND,,0.13
41-1,HpCDF_1234678,1.5,J,0.32
41-1,HpCDF_1234789,ND,,0.82
41-1,HpCDF_Total,1.5,J,0.32
41-1,HpCDD_1234678,0.81,IJ,0.14
41-1,HpCDD_Total,ND,,0.14
41-1,OCDF,ND,,0.52
41-1,OCDD,1.1,J,0.53
41-1,TEQ,0.25,,
46-1,Moisture_Percent,68.8,,
46-1,Lipid_Percent,7.45,,
46-1,TCDF_2378,ND,,0.13
46-1,TCDF_Total,1.1,,0.13
46-1,TCDD_2378,ND,,0.084
46-1,TCDD_Total,0.34,J,0.084
46-1,PeCDF_12378,ND,,0.097
46-1,PeCDF_23478,0.22,IJ,0.1
46-1,PeCDF_Total,1.5,J,0.097
46-1,PeCDD_12378,ND,,0.25
46-1,PeCDD_Total,ND,,0.25
46-1,HxCDF_123478,0.43,J,0.1
46-1,HxCDF_123678,0.41,IJ,0.13
46-1,HxCDF_234678,0.54,J,0.099
46-1,HxCDF_123789,0.23,J,0.14
46-1,HxCDF_Total,2.8,J,0.099
46-1,HxCDD_123478,0.3,J,0.14
46-1,HxCDD_123678,0.18,J,0.1
46-1,HxCDD_123789,ND,,0.063
46-1,HxCDD_Total,2.8,J,0.063
46-1,HpCDF_1234678,1.1,IJ,0.12
46-1,HpCDF_1234789,ND,,0.44
46-1,HpCDF_Total,ND,,0.12
46-1,HpCDD_1234678,0.67,J,0.11
46-1,HpCDD_Total,1.3,J,0.11
46-1,OCDF,0.55,J,0.31
46-1,OCDD,1,IJ,0.23
46-1,TEQ,0.29,,
49-1,Moisture_Percent,67.1,,
49-1,Lipid_Percent,9.86,,
49-1,TCDF_2378,ND,,0.16
49-1,TCDF_Total,0.35,J,0.16
49-1,TCDD_2378,ND,,0.15
49-1,TCDD_Total,ND,,0.15
49-1,PeCDF_12378,ND,,0.16
49-1,PeCDF_23478,0.24,J,0.12
49-1,PeCDF_Total,0.76,J,0.12
49-1,PeCDD_12378,ND,,0.26
49-1,PeCDD_Total,ND,,0.26
49-1,HxCDF_123478,0.4,J,0.22
49-1,HxCDF_123678,0.62,J,0.21
49-1,HxCDF_234678,0.28,IJ,0.23
49-1,HxCDF_123789,ND,,0.18
49-1,HxCDF_Total,2.6,J,0.18
49-1,HxCDD_123478,ND,,0.31
49-1,HxCDD_123678,ND,,0.18
49-1,HxCDD_123789,ND,,0.13
49-1,HxCDD_Total,ND,,0.13
49-1,HpCDF_1234678,1.3,IJ,0.26
49-1,HpCDF_1234789,ND,,0.61
49-1,HpCDF_Total,ND,,0.26
49-1,HpCDD_1234678,0.48,IJ,0.34
49-1,HpCDD_Total,0.7,J,0.34
49-1,OCDF,ND,,0.31
49-1,OCDD,ND,,0.59
49-1,TEQ,0.22,,
53-1,Moisture_Percent,62.5,,
53-1,Lipid_Percent,12.3,,
53-1,TCDF_2378,3.2,,0.16
53-1,TCDF_Total,7.1,,0.16
53-1,TCDD_2378,1.6,,0.097
53-1,TCDD_Total,1.6,,0.097
53-1,PeCDF_12378,1.5,J,0.074
53-1,PeCDF_23478,2,IJ,0.15
53-1,PeCDF_Total,3.5,J,0.074
53-1,PeCDD_12378,1.4,J,0.18
53-1,PeCDD_Total,1.4,J,0.18
53-1,HxCDF_123478,1.7,J,0.13
53-1,HxCDF_123678,0.52,J,0.13
53-1,HxCDF_234678,7.1,P,0.1
53-1,HxCDF_123789,ND,,0.19
53-1,HxCDF_Total,2.2,J,0.1
53-1,HxCDD_123478,0.68,IJ,0.11
53-1,HxCDD_123678,0.93,J,0.13
53-1,HxCDD_123789,ND,,0.091
53-1,HxCDD_Total,0.93,J,0.091
53-1,HpCDF_1234678,0.91,J,0.65
53-1,HpCDF_1234789,ND,,0.53
53-1,HpCDF_Total,0.91,J,0.53
53-1,HpCDD_1234678,1.3,J,0.14
53-1,HpCDD_Total,2.2,J,0.14
53-1,OCDF,0.75,J,0.17
53-1,OCDD,2.4,J,0.22
53-1,TEQ,5.2,,
57-1,Moisture_Percent,70.2,,
57-1,Lipid_Percent,5.89,,
57-1,TCDF_2378,1.3,,0.24
57-1,TCDF_Total,2.2,,0.24
57-1,TCDD_2378,ND,,0.13
57-1,TCDD_Total,ND,,0.13
57-1,PeCDF_12378,ND,,0.19
57-1,PeCDF_23478,0.3,J,0.15
57-1,PeCDF_Total,0.3,J,0.15
57-1,PeCDD_12378,0.18,J,0.12
57-1,PeCDD_Total,0.18,J,0.12
57-1,HxCDF_123478,0.21,IJ,0.18
57-1,HxCDF_123678,ND,,0.17
57-1,HxCDF_234678,0.78,PJ,0.14
57-1,HxCDF_123789,ND,,0.26
57-1,HxCDF_Total,ND,,0.14
57-1,HxCDD_123478,0.26,IJ,0.19
57-1,HxCDD_123678,0.47,IJ,0.16
57-1,HxCDD_123789,ND,,0.15
57-1,HxCDD_Total,ND,,0.15
57-1,HpCDF_1234678,0.53,IJ,0.16
57-1,HpCDF_1234789,ND,,0.36
57-1,HpCDF_Total,ND,,0.16
57-1,HpCDD_1234678,0.55,IJ,0.13
57-1,HpCDD_Total,0.48,J,0.13
57-1,OCDF,0.36,IJ,0.2
57-1,OCDD,0.92,J,0.29
57-1,TEQ,0.58,,
58-1,Moisture_Percent,69.7,,
58-1,Lipid_Percent,7.61,,
58-1,TCDF_2378,0.077,IJ,0.074
58-1,TCDF_Total,0.42,J,0.074
58-1,TCDD_2378,ND,,0.12
58-1,TCDD_Total,ND,,0.12
58-1,PeCDF_12378,ND,,0.096
58-1,PeCDF_23478,0.18,J,0.078
58-1,PeCDF_Total,0.46,J,0.078
58-1,PeCDD_12378,0.12,IJ,0.057
58-1,PeCDD_Total,ND,,0.057
58-1,HxCDF_123478,0.28,J,0.06
58-1,HxCDF_123678,0.38,J,0.07
58-1,HxCDF_234678,0.49,J,0.072
58-1,HxCDF_123789,0.22,J,0.14
58-1,HxCDF_Total,2.1,J,0.06
58-1,HxCDD_123478,0.24,J,0.085
58-1,HxCDD_123678,0.17,IJ,0.05
58-1,HxCDD_123789,0.11,J,0.072
58-1,HxCDD_Total,0.99,J,0.072
58-1,HpCDF_1234678,1.1,J,0.12
58-1,HpCDF_1234789,ND,,0.16
58-1,HpCDF_Total,1.1,J,0.12
58-1,HpCDD_1234678,1.2,J,0.076
58-1,HpCDD_Total,2,J,0.076
58-1,OCDF,0.29,IJ,0.18
58-1,OCDD,6.7,J,0.18
58-1,TEQ,0.39,,
62-3,Moisture_Percent,70.9,,
62-3,Lipid_Percent,2.42,,
62-3,TCDF_2378,0.17,J,0.12
62-3,TCDF_Total,1.4,,0.12
62-3,TCDD_2378,ND,,0.058
62-3,TCDD_Total,0.066,J,0.058
62-3,PeCDF_12378,0.18,J,0.082
62-3,PeCDF_23478,0.33,J,0.12
62-3,PeCDF_Total,2,J,0.082
62-3,PeCDD_12378,0.13,J,0.054
62-3,PeCDD_Total,0.49,J,0.054
62-3,HxCDF_123478,0.39,J,0.071
62-3,HxCDF_123678,0.57,J,0.048
62-3,HxCDF_234678,0.32,J,0.052
62-3,HxCDF_123789,0.23,IJ,0.058
62-3,HxCDF_Total,2.7,J,0.048
62-3,HxCDD_123478,0.27,J,0.049
62-3,HxCDD_123678,0.13,IJ,0.058
62-3,HxCDD_123789,0.13,J,0.042
62-3,HxCDD_Total,1,J,0.042
62-3,HpCDF_1234678,1.5,J,0.086
62-3,HpCDF_1234789,ND,,0.11
62-3,HpCDF_Total,1.5,J,0.086
62-3,HpCDD_1234678,1,J,0.034
62-3,HpCDD_Total,2.1,J,0.034
62-3,OCDF,0.72,J,0.081
62-3,OCDD,2.3,J,0.14
62-3,TEQ,0.48,,
64-1,Moisture_Percent,68.8,,
64-1,Lipid_Percent,6.43,,
64-1,TCDF_2378,ND,,0.08
64-1,TCDF_Total,ND,,0.08
64-1,TCDD_2378,ND,,0.12
64-1,TCDD_Total,ND,,0.12
64-1,PeCDF_12378,ND,,0.078
64-1,PeCDF_23478,ND,,0.053
64-1,PeCDF_Total,ND,,0.053
64-1,PeCDD_12378,ND,,0.12
64-1,PeCDD_Total,ND,,0.12
64-1,HxCDF_123478,ND,,0.083
64-1,HxCDF_123678,ND,,0.085
64-1,HxCDF_234678,ND,,0.077
64-1,HxCDF_123789,ND,,0.094
64-1,HxCDF_Total,ND,,0.077
64-1,HxCDD_123478,0.18,IJ,0.095
64-1,HxCDD_123678,ND,,0.097
64-1,HxCDD_123789,ND,,0.099
64-1,HxCDD_Total,ND,,0.095
64-1,HpCDF_1234678,ND,,0.14
64-1,HpCDF_1234789,ND,,0.19
64-1,HpCDF_Total,ND,,0.14
64-1,HpCDD_1234678,ND,,0.11
64-1,HpCDD_Total,ND,,0.11
64-1,OCDF,ND,,0.12
64-1,OCDD,ND,,0.18
64-1,TEQ,0.018,,
69-1,Moisture_Percent,65.5,,
69-1,Lipid_Percent,10.9,,
69-1,TCDF_2378,0.13,J,0.086
69-1,TCDF_Total,0.3,J,0.086
69-1,TCDD_2378,ND,,0.1
69-1,TCDD_Total,ND,,0.1
69-1,PeCDF_12378,ND,,0.071
69-1,PeCDF_23478,0.14,J,0.049
69-1,PeCDF_Total,0.32,J,0.049
69-1,PeCDD_12378,0.1,J,0.083
69-1,PeCDD_Total,0.1,J,0.083
69-1,HxCDF_123478,0.17,IJ,0.062
69-1,HxCDF_123678,0.24,J,0.063
69-1,HxCDF_234678,0.21,IJ,0.06
69-1,HxCDF_123789,0.15,IJ,0.06
69-1,HxCDF_Total,0.63,J,0.06
69-1,HxCDD_123478,0.18,J,0.095
69-1,HxCDD_123678,0.12,J,0.072
69-1,HxCDD_123789,ND,,0.047
69-1,HxCDD_Total,0.43,J,0.047
69-1,HpCDF_1234678,0.84,PJ,0.11
69-1,HpCDF_1234789,ND,,0.14
69-1,HpCDF_Total,ND,,0.11
69-1,HpCDD_1234678,0.56,J,0.067
69-1,HpCDD_Total,1.2,J,0.067
69-1,OCDF,0.27,J,0.12
69-1,OCDD,0.7,IJ,0.16
69-1,TEQ,0.27,,
70-1,Moisture_Percent,67.4,,
70-1,Lipid_Percent,9.61,,
70-1,TCDF_2378,ND,,0.19
70-1,TCDF_Total,0.33,J,0.19
70-1,TCDD_2378,ND,,0.15
70-1,TCDD_Total,ND,,0.15
70-1,PeCDF_12378,ND,,0.21
70-1,PeCDF_23478,0.18,IJ,0.12
70-1,PeCDF_Total,0.3,J,0.12
70-1,PeCDD_12378,ND,,0.12
70-1,PeCDD_Total,ND,,0.12
70-1,HxCDF_123478,0.3,J,0.1
70-1,HxCDF_123678,0.22,J,0.077
70-1,HxCDF_234678,0.98,PJ,0.061
70-1,HxCDF_123789,ND,,0.15
70-1,HxCDF_Total,0.53,J,0.061
70-1,HxCDD_123478,0.28,IJ,0.12
70-1,HxCDD_123678,ND,,0.13
70-1,HxCDD_123789,ND,,0.094
70-1,HxCDD_Total,0.37,J,0.094
70-1,HpCDF_1234678,1,IJ,0.2
70-1,HpCDF_1234789,ND,,0.46
70-1,HpCDF_Total,ND,,0.2
70-1,HpCDD_1234678,0.84,J,0.14
70-1,HpCDD_Total,0.82,J,0.14
70-1,OCDF,0.49,IJ,0.36
70-1,OCDD,1.7,J,0.49
70-1,TEQ,0.25,,
72-1,Moisture_Percent,69.3,,
72-1,Lipid_Percent,7.11,,
72-1,TCDF_2378,1.3,,0.2
72-1,TCDF_Total,1.8,,0.2
72-1,TCDD_2378,ND,,0.14
72-1,TCDD_Total,ND,,0.14
72-1,PeCDF_12378,0.23,IJ,0.18
72-1,PeCDF_23478,0.54,J,0.093
72-1,PeCDF_Total,1.2,J,0.093
72-1,PeCDD_12378,0.47,IJ,0.16
72-1,PeCDD_Total,ND,,0.16
72-1,HxCDF_123478,0.27,J,0.066
72-1,HxCDF_123678,0.19,J,0.06
72-1,HxCDF_234678,0.36,IJ,0.069
72-1,HxCDF_123789,ND,,0.12
72-1,HxCDF_Total,1.1,J,0.06
72-1,HxCDD_123478,0.32,IJ,0.086
72-1,HxCDD_123678,0.34,J,0.085
72-1,HxCDD_123789,ND,,0.08
72-1,HxCDD_Total,0.34,J,0.08
72-1,HpCDF_1234678,0.89,J,0.43
72-1,HpCDF_1234789,ND,,0.39
72-1,HpCDF_Total,0.89,J,0.39
72-1,HpCDD_1234678,1.1,J,0.071
72-1,HpCDD_Total,1.9,J,0.071
72-1,OCDF,0.23,IJ,0.16
72-1,OCDD,3.9,J,0.17
72-1,TEQ,0.94,,
74-1,Moisture_Percent,67.5,,
74-1,Lipid_Percent,8.54,,
74-1,TCDF_2378,ND,,0.11
74-1,TCDF_Total,0.67,J,0.11
74-1,TCDD_2378,ND,,0.1
74-1,TCDD_Total,0.21,J,0.1
74-1,PeCDF_12378,ND,,0.097
74-1,PeCDF_23478,0.19,IJ,0.1
74-1,PeCDF_Total,0.22,J,0.097
74-1,PeCDD_12378,ND,,0.096
74-1,PeCDD_Total,ND,,0.096
74-1,HxCDF_123478,0.29,IJ,0.085
74-1,HxCDF_123678,0.2,J,0.084
74-1,HxCDF_234678,0.37,J,0.079
74-1,HxCDF_123789,0.14,J,0.095
74-1,HxCDF_Total,1.2,J,0.079
74-1,HxCDD_123478,0.3,J,0.1
74-1,HxCDD_123678,0.14,IJ,0.085
74-1,HxCDD_123789,ND,,0.1
74-1,HxCDD_Total,0.3,J,0.085
74-1,HpCDF_1234678,1.2,PJ,0.17
74-1,HpCDF_1234789,ND,,0.22
74-1,HpCDF_Total,ND,,0.17
74-1,HpCDD_1234678,0.58,J,0.11
74-1,HpCDD_Total,1.2,J,0.11
74-1,OCDF,0.4,IJ,0.15
74-1,OCDD,1.2,J,0.22
74-1,TEQ,0.22,,
77-1,Moisture_Percent,60.2,,
77-1,Lipid_Percent,17.9,,
77-1,TCDF_2378,ND,,0.15
77-1,TCDF_Total,1.1,,0.15
77-1,TCDD_2378,ND,,0.17
77-1,TCDD_Total,0.66,J,0.17
77-1,PeCDF_12378,ND,,0.2
77-1,PeCDF_23478,ND,,0.12
77-1,PeCDF_Total,ND,,0.12
77-1,PeCDD_12378,0.2,J,0.15
77-1,PeCDD_Total,0.2,J,0.15
77-1,HxCDF_123478,0.12,IJ,0.049
77-1,HxCDF_123678,0.11,J,0.078
77-1,HxCDF_234678,0.17,J,0.098
77-1,HxCDF_123789,ND,,0.18
77-1,HxCDF_Total,0.86,J,0.049
77-1,HxCDD_123478,0.26,J,0.12
77-1,HxCDD_123678,0.15,J,0.11
77-1,HxCDD_123789,ND,,0.13
77-1,HxCDD_Total,0.41,J,0.11
77-1,HpCDF_1234678,0.41,J,0.15
77-1,HpCDF_1234789,ND,,0.28
77-1,HpCDF_Total,0.41,J,0.15
77-1,HpCDD_1234678,0.37,J,0.086
77-1,HpCDD_Total,0.71,J,0.086
77-1,OCDF,ND,,0.16
77-1,OCDD,0.5,IJ,0.22
77-1,TEQ,0.29,,
82-1,Moisture_Percent,64.7,,
82-1,Lipid_Percent,10.6,,
82-1,TCDF_2378,0.36,J,0.13
82-1,TCDF_Total,1.4,,0.13
82-1,TCDD_2378,ND,,0.11
82-1,TCDD_Total,ND,,0.11
82-1,PeCDF_12378,ND,,0.12
82-1,PeCDF_23478,0.18,J,0.081
82-1,PeCDF_Total,0.18,J,0.081
82-1,PeCDD_12378,ND,,0.085
82-1,PeCDD_Total,ND,,0.085
82-1,HxCDF_123478,0.26,IJ,0.093
82-1,HxCDF_123678,0.2,IJ,0.073
82-1,HxCDF_234678,0.29,J,0.089
82-1,HxCDF_123789,ND,,0.012
82-1,HxCDF_Total,0.29,J,0.073
82-1,HxCDD_123478,0.28,IJ,0.084
82-1,HxCDD_123678,ND,,0.11
82-1,HxCDD_123789,ND,,0.11
82-1,HxCDD_Total,ND,,0.084
82-1,HpCDF_1234678,0.27,PJ,0.17
82-1,HpCDF_1234789,ND,,0.17
82-1,HpCDF_Total,ND,,0.17
82-1,HpCDD_1234678,0.34,IJ,0.12
82-1,HpCDD_Total,0.54,J,0.12
82-1,OCDF,0.25,IJ,0.11
82-1,OCDD,0.76,J,0.23
82-1,TEQ,0.2,,
84-1,Moisture_Percent,59.7,,
84-1,Lipid_Percent,20.5,,
84-1,TCDF_2378,ND,,0.15
84-1,TCDF_Total,2.4,,0.15
84-1,TCDD_2378,ND,,0.12
84-1,TCDD_Total,ND,,0.12
84-1,PeCDF_12378,ND,,0.098
84-1,PeCDF_23478,0.12,IJ,0.069
84-1,PeCDF_Total,0.51,J,0.069
84-1,PeCDD_12378,ND,,0.099
84-1,PeCDD_Total,ND,,0.099
84-1,HxCDF_123478,0.17,IJ,0.066
84-1,HxCDF_123678,0.26,J,0.089
84-1,HxCDF_234678,0.28,J,0.083
84-1,HxCDF_123789,ND,,0.093
84-1,HxCDF_Total,1,J,0.066
84-1,HxCDD_123478,0.51,J,0.096
84-1,HxCDD_123678,0.11,IJ,0.073
84-1,HxCDD_123789,ND,,0.059
84-1,HxCDD_Total,1.1,J,0.059
84-1,HpCDF_1234678,0.84,J,0.093
84-1,HpCDF_1234789,ND,,0.17
84-1,HpCDF_Total,0.84,J,0.093
84-1,HpCDD_1234678,0.63,J,0.1
84-1,HpCDD_Total,1.2,J,0.1
84-1,OCDF,0.18,IJ,0.12
84-1,OCDD,0.83,J,0.12
84-1,TEQ,0.18,,
86-1,Moisture_Percent,67.8,,
86-1,Lipid_Percent,8.98,,
86-1,TCDF_2378,0.16,J,0.11
86-1,TCDF_Total,0.78,J,0.11
86-1,TCDD_2378,ND,,0.089
86-1,TCDD_Total,ND,,0.089
86-1,PeCDF_12378,ND,,0.098
86-1,PeCDF_23478,0.17,IJ,0.066
86-1,PeCDF_Total,0.56,J,0.066
86-1,PeCDD_12378,0.11,IJ,0.058
86-1,PeCDD_Total,ND,,0.058
86-1,HxCDF_123478,0.19,J,0.061
86-1,HxCDF_123678,0.19,J,0.066
86-1,HxCDF_234678,0.34,PJ,0.066
86-1,HxCDF_123789,0.11,IJ,0.083
86-1,HxCDF_Total,1.1,J,0.061
86-1,HxCDD_123478,0.19,J,0.059
86-1,HxCDD_123678,0.14,J,0.06
86-1,HxCDD_123789,0.085,IJ,0.059
86-1,HxCDD_Total,0.34,J,0.059
86-1,HpCDF_1234678,0.82,J,0.11
86-1,HpCDF_1234789,ND,,0.13
86-1,HpCDF_Total,0.82,J,0.11
86-1,HpCDD_1234678,0.39,IJ,0.074
86-1,HpCDD_Total,0.44,J,0.074
86-1,OCDF,0.24,J,0.1
86-1,OCDD,0.48,IJ,0.15
86-1,TEQ,0.31,,
87-1,Moisture_Percent,70.4,,
87-1,Lipid_Percent,5.95,,
87-1,TCDF_2378,ND,,0.074
87-1,TCDF_Total,0.15,J,0.074
87-1,TCDD_2378,ND,,0.057
87-1,TCDD_Total,ND,,0.057
87-1,PeCDF_12378,ND,,0.048
87-1,PeCDF_23478,0.073,IJ,0.043
87-1,PeCDF_Total,0.088,J,0.043
87-1,PeCDD_12378,ND,,0.062
87-1,PeCDD_Total,ND,,0.062
87-1,HxCDF_123478,0.091,J,0.049
87-1,HxCDF_123678,0.074,J,0.048
87-1,HxCDF_234678,0.29,PJ,0.048
87-1,HxCDF_123789,0.086,IJ,0.071
87-1,HxCDF_Total,0.17,J,0.048
87-1,HxCDD_123478,0.13,IJ,0.057
87-1,HxCDD_123678,ND,,0.073
87-1,HxCDD_123789,ND,,0.068
87-1,HxCDD_Total,ND,,0.057
87-1,HpCDF_1234678,0.42,J,0.14
87-1,HpCDF_1234789,ND,,0.14
87-1,HpCDF_Total,0.42,J,0.14
87-1,HpCDD_1234678,0.34,IJ,0.044
87-1,HpCDD_Total,ND,,0.044
87-1,OCDF,0.19,IJ,0.075
87-1,OCDD,0.61,J,0.096
87-1,TEQ,0.096,,
89-1,Moisture_Percent,69.9,,
89-1,Lipid_Percent,5.58,,
89-1,TCDF_2378,1.6,,0.15
89-1,TCDF_Total,1.9,,0.15
89-1,TCDD_2378,ND,,0.13
89-1,TCDD_Total,ND,,0.13
89-1,PeCDF_12378,0.32,J,0.12
89-1,PeCDF_23478,0.38,IJ,0.078
89-1,PeCDF_Total,0.32,J,0.078
89-1,PeCDD_12378,0.18,J,0.1
89-1,PeCDD_Total,0.18,J,0.1
89-1,HxCDF_123478,0.11,J,0.071
89-1,HxCDF_123678,0.11,IJ,0.084
89-1,HxCDF_234678,0.098,IJ,0.066
89-1,HxCDF_123789,ND,,0.076
89-1,HxCDF_Total,0.23,J,0.066
89-1,HxCDD_123478,0.18,J,0.065
89-1,HxCDD_123678,0.16,J,0.069
89-1,HxCDD_123789,ND,,0.064
89-1,HxCDD_Total,0.34,J,0.064
89-1,HpCDF_1234678,ND,,0.18
89-1,HpCDF_1234789,ND,,0.17
89-1,HpCDF_Total,ND,,0.17
89-1,HpCDD_1234678,0.24,J,0.076
89-1,HpCDD_Total,0.24,J,0.076
89-1,OCDF,ND,,0.11
89-1,OCDD,0.53,IJ,0.21
89-1,TEQ,0.53,,
94-2,Moisture_Percent,69.6,,
94-2,Lipid_Percent,7.95,,
94-2,TCDF_2378,ND,,0.14
94-2,TCDF_Total,ND,,0.14
94-2,TCDD_2378,ND,,0.13
94-2,TCDD_Total,ND,,0.13
94-2,PeCDF_12378,ND,,0.12
94-2,PeCDF_23478,0.11,IJ,0.085
94-2,PeCDF_Total,ND,,0.085
94-2,PeCDD_12378,ND,,0.11
94-2,PeCDD_Total,ND,,0.11
94-2,HxCDF_123478,0.24,J,0.091
94-2,HxCDF_123678,0.18,IJ,0.84
94-2,HxCDF_234678,0.32,J,0.072
94-2,HxCDF_123789,0.15,IJ,0.09
94-2,HxCDF_Total,0.56,J,0.072
94-2,HxCDD_123478,0.28,J,0.087
94-2,HxCDD_123678,0.13,J,0.07
94-2,HxCDD_123789,ND,,0.063
94-2,HxCDD_Total,1.6,J,0.063
94-2,HpCDF_1234678,0.99,J,0.093
94-2,HpCDF_1234789,ND,,0.15
94-2,HpCDF_Total,0.99,J,0.093
94-2,HpCDD_1234678,0.72,J,0.084
94-2,HpCDD_Total,1.6,J,0.084
94-2,OCDF,0.48,J,0.11
94-2,OCDD,1.2,J,0.14
94-2,TEQ,0.18,,
94-3,Moisture_Percent,65.2,,
94-3,Lipid_Percent,11.1,,
94-3,TCDF_2378,ND,,0.12
94-3,TCDF_Total,ND,,0.12
94-3,TCDD_2378,ND,,0.11
94-3,TCDD_Total,ND,,0.11
94-3,PeCDF_12378,ND,,0.11
94-3,PeCDF_23478,ND,,0.097
94-3,PeCDF_Total,ND,,0.097
94-3,PeCDD_12378,ND,,0.12
94-3,PeCDD_Total,ND,,0.12
94-3,HxCDF_123478,0.22,J,0.089
94-3,HxCDF_123678,0.13,J,0.095
94-3,HxCDF_234678,0.23,J,0.12
94-3,HxCDF_123789,ND,,0.13
94-3,HxCDF_Total,1,J,0.089
94-3,HxCDD_123478,0.28,J,0.1
94-3,HxCDD_123678,ND,,0.089
94-3,HxCDD_123789,ND,,0.1
94-3,HxCDD_Total,0.28,J,0.089
94-3,HpCDF_1234678,0.53,PJ,0.16
94-3,HpCDF_1234789,ND,,0.24
94-3,HpCDF_Total,ND,,0.16
94-3,HpCDD_1234678,0.32,IJ,0.082
94-3,HpCDD_Total,ND,,0.082
94-3,OCDF,ND,,0.14
94-3,OCDD,0.86,J,0.23
94-3,TEQ,0.095,,
95-1,Moisture_Percent,69.5,,
95-1,Lipid_Percent,7.01,,
95-1,TCDF_2378,0.39,J,0.096
95-1,TCDF_Total,1.1,,0.096
95-1,TCDD_2378,ND,,0.082
95-1,TCDD_Total,ND,,0.082
95-1,PeCDF_12378,0.11,J,0.074
95-1,PeCDF_23478,0.17,IJ,0.065
95-1,PeCDF_Total,0.36,J,0.065
95-1,PeCDD_12378,0.14,IJ,0.063
95-1,PeCDD_Total,ND,,0.063
95-1,HxCDF_123478,0.11,J,0.071
95-1,HxCDF_123678,0.079,IJ,0.071
95-1,HxCDF_234678,0.19,J,0.072
95-1,HxCDF_123789,0.096,IJ,0.065
95-1,HxCDF_Total,0.3,J,0.065
95-1,HxCDD_123478,0.21,J,0.058
95-1,HxCDD_123678,0.11,IJ,0.051
95-1,HxCDD_123789,ND,,0.054
95-1,HxCDD_Total,0.21,J,0.051
95-1,HpCDF_1234678,0.37,J,0.16
95-1,HpCDF_1234789,ND,,0.18
95-1,HpCDF_Total,0.37,J,0.16
95-1,HpCDD_1234678,0.31,J,0.06
95-1,HpCDD_Total,0.65,J,0.06
95-1,OCDF,0.14,J,0.086
95-1,OCDD,0.67,J,0.095
95-1,TEQ,0.32,,
95-1 DUP,Moisture_Percent,,,
95-1 DUP,Lipid_Percent,7.1,,
95-1 DUP,TCDF_2378,0.5,IJ,0.13
95-1 DUP,TCDF_Total,1.1,,0.13
95-1 DUP,TCDD_2378,ND,,0.14
95-1 DUP,TCDD_Total,ND,,0.14
95-1 DUP,PeCDF_12378,0.15,J,0.13
95-1 DUP,PeCDF_23478,0.22,IJ,0.085
95-1 DUP,PeCDF_Total,0.35,J,0.085
95-1 DUP,PeCDD_12378,0.15,IJ,0.095
95-1 DUP,PeCDD_Total,ND,,0.095
95-1 DUP,HxCDF_123478,ND,,0.11
95-1 DUP,HxCDF_123678,0.18,J,0.09
95-1 DUP,HxCDF_234678,0.2,J,0.07
95-1 DUP,HxCDF_123789,0.15,IJ,0.11
95-1 DUP,HxCDF_Total,0.54,J,0.07
95-1 DUP,HxCDD_123478,0.18,IJ,0.097
95-1 DUP,HxCDD_123678,0.13,IJ,0.069
95-1 DUP,HxCDD_123789,ND,,0.081
95-1 DUP,HxCDD_Total,ND,,0.069
95-1 DUP,HpCDF_1234678,0.5,IJ,0.13
95-1 DUP,HpCDF_1234789,ND,,0.14
95-1 DUP,HpCDF_Total,ND,,0.13
95-1 DUP,HpCDD_1234678,0.42,J,0.075
95-1 DUP,HpCDD_Total,0.81,J,0.075
95-1 DUP,OCDF,0.19,IJ,0.084
95-1 DUP,OCDD,0.82,J,0.18
95-1 DUP,TEQ,0.36,,
96-2,Moisture_Percent,69.6,,
96-2,Lipid_Percent,6.15,,
96-2,TCDF_2378,ND,,0.17
96-2,TCDF_Total,0.2,J,0.17
96-2,TCDD_2378,ND,,0.16
96-2,TCDD_Total,ND,,0.16
96-2,PeCDF_12378,ND,,0.14
96-2,PeCDF_23478,ND,,0.11
96-2,PeCDF_Total,ND,,0.11
96-2,PeCDD_12378,ND,,0.14
96-2,PeCDD_Total,ND,,0.14
96-2,HxCDF_123478,0.15,J,0.1
96-2,HxCDF_123678,0.18,IJ,0.11
96-2,HxCDF_234678,0.18,IJ,0.11
96-2,HxCDF_123789,0.22,IJ,0.13
96-2,HxCDF_Total,0.39,J,0.1
96-2,HxCDD_123478,0.23,IJ,0.14
96-2,HxCDD_123678,ND,,0.11
96-2,HxCDD_123789,ND,,0.1
96-2,HxCDD_Total,ND,,0.1
96-2,HpCDF_1234678,0.67,IJ,0.19
96-2,HpCDF_1234789,ND,,0.29
96-2,HpCDF_Total,ND,,0.19
96-2,HpCDD_1234678,0.39,IJ,0.13
96-2,HpCDD_Total,0.45,J,0.13
96-2,OCDF,ND,,0.21
96-2,OCDD,1,IJ,0.27
96-2,TEQ,0.11,,
98-1,Moisture_Percent,64.6,,
98-1,Lipid_Percent,11.8,,
98-1,TCDF_2378,ND,,0.15
98-1,TCDF_Total,ND,,0.15
98-1,TCDD_2378,ND,,0.14
98-1,TCDD_Total,ND,,0.14
98-1,PeCDF_12378,ND,,0.096
98-1,PeCDF_23478,ND,,0.077
98-1,PeCDF_Total,ND,,0.077
98-1,PeCDD_12378,ND,,0.1
98-1,PeCDD_Total,ND,,0.1
98-1,HxCDF_123478,0.1,IJ,0.096
98-1,HxCDF_123678,ND,,0.11
98-1,HxCDF_234678,0.14,IJ,0.11
98-1,HxCDF_123789,ND,,0.11
98-1,HxCDF_Total,0.17,J,0.096
98-1,HxCDD_123478,ND,,0.15
98-1,HxCDD_123678,ND,,0.079
98-1,HxCDD_123789,ND,,0.1
98-1,HxCDD_Total,ND,,0.079
98-1,HpCDF_1234678,0.55,PJ,0.16
98-1,HpCDF_1234789,ND,,0.22
98-1,HpCDF_Total,ND,,0.16
98-1,HpCDD_1234678,0.3,J,0.15
98-1,HpCDD_Total,0.82,J,0.15
98-1,OCDF,ND,,0.14
98-1,OCDD,0.73,IJ,0.27
98-1,TEQ,0.033,,
998-1,Moisture_Percent,65.1,,
998-1,Lipid_Percent,10.7,,
998-1,TCDF_2378,0.14,IJ,0.081
998-1,TCDF_Total,6,,0.081
998-1,TCDD_2378,ND,,0.1
998-1,TCDD_Total,0.88,J,0.1
998-1,PeCDF_12378,ND,,0.086
998-1,PeCDF_23478,0.069,IJ,0.052
998-1,PeCDF_Total,ND,,0.052
998-1,PeCDD_12378,0.12,IJ,0.087
998-1,PeCDD_Total,ND,,0.087
998-1,HxCDF_123478,0.14,IJ,0.091
998-1,HxCDF_123678,ND,,0.098
998-1,HxCDF_234678,ND,,0.11
998-1,HxCDF_123789,ND,,0.18
998-1,HxCDF_Total,ND,,0.091
998-1,HxCDD_123478,0.35,J,0.082
998-1,HxCDD_123678,ND,,0.088
998-1,HxCDD_123789,ND,,0.1
998-1,HxCDD_Total,0.35,BJ,0.082
998-1,HpCDF_1234678,ND,,0.15
998-1,HpCDF_1234789,ND,,0.19
998-1,HpCDF_Total,ND,,0.15
998-1,HpCDD_1234678,ND,,0.13
998-1,HpCDD_Total,ND,,0.13
998-1,OCDF,ND,,0.25
998-1,OCDD,1,BJ,0.38
998-1,TEQ,0.2,,
999-1,Moisture_Percent,64,,
999-1,Lipid_Percent,15.2,,
999-1,TCDF_2378,1.1,,0.33
999-1,TCDF_Total,2.8,,0.33
999-1,TCDD_2378,0.46,J,0.25
999-1,TCDD_Total,0.79,J,0.25
999-1,PeCDF_12378,0.31,J,0.25
999-1,PeCDF_23478,1.2,J,0.15
999-1,PeCDF_Total,1.9,J,0.15
999-1,PeCDD_12378,0.41,IJ,0.22
999-1,PeCDD_Total,ND,,0.22
999-1,HxCDF_123478,0.21,IJ,0.17
999-1,HxCDF_123678,0.32,J,0.19
999-1,HxCDF_234678,1.5,J,0.17
999-1,HxCDF_123789,ND,,0.2
999-1,HxCDF_Total,1.8,BJ,0.17
999-1,HxCDD_123478,0.42,J,0.24
999-1,HxCDD_123678,0.51,IJ,0.21
999-1,HxCDD_123789,ND,,0.23
999-1,HxCDD_Total,0.42,BJ,0.21
999-1,HpCDF_1234678,ND,,0.63
999-1,HpCDF_1234789,ND,,0.57
999-1,HpCDF_Total,ND,,0.57
999-1,HpCDD_1234678,1,J,0.16
999-1,HpCDD_Total,1,BJ,0.16
999-1,OCDF,ND,,0.36
999-1,OCDD,4.7,BJ,0.4
999-1,TEQ,1.7,,
CTABD01,Moisture_Percent,69.2,,
CTABD01,Lipid_Percent,7.87,,
CTABD01,TCDF_2378,1.1,,0.074
CTABD01,TCDF_Total,3.4,,0.074
CTABD01,TCDD_2378,0.08,IJ,0.042
CTABD01,TCDD_Total,0.095,J,0.042
CTABD01,PeCDF_12378,0.13,J,0.076
CTABD01,PeCDF_23478,0.37,J,0.058
CTABD01,PeCDF_Total,0.54,J,0.058
CTABD01,PeCDD_12378,0.13,J,0.06
CTABD01,PeCDD_Total,0.13,J,0.06
CTABD01,HxCDF_123478,0.089,IJ,0.057
CTABD01,HxCDF_123678,0.092,J,0.058
CTABD01,HxCDF_234678,0.38,PJ,0.058
CTABD01,HxCDF_123789,ND,,0.071
CTABD01,HxCDF_Total,0.092,J,0.057
CTABD01,HxCDD_123478,0.24,J,0.1
CTABD01,HxCDD_123678,0.13,J,0.045
CTABD01,HxCDD_123789,ND,,0.055
CTABD01,HxCDD_Total,0.36,J,0.045
CTABD01,HpCDF_1234678,0.36,J,0.073
CTABD01,HpCDF_1234789,ND,,0.15
CTABD01,HpCDF_Total,0.36,J,0.073
CTABD01,HpCDD_1234678,0.21,J,0.057
CTABD01,HpCDD_Total,0.49,J,0.057
CTABD01,OCDF,0.13,J,0.077
CTABD01,OCDD,0.52,IJ,0.088
CTABD01,TEQ,0.53,,
CTABD02,Moisture_Percent,,,
CTABD02,Lipid_Percent,9.4,,
CTABD02,TCDF_2378,2.2,,0.48
CTABD02,TCDF_Total,5.7,,0.48
CTABD02,TCDD_2378,ND,,0.097
CTABD02,TCDD_Total,0.64,J,0.097
CTABD02,PeCDF_12378,0.19,IJ,0.14
CTABD02,PeCDF_23478,0.5,J,0.14
CTABD02,PeCDF_Total,0.5,J,0.14
CTABD02,PeCDD_12378,0.32,IJ,0.15
CTABD02,PeCDD_Total,ND,,0.15
CTABD02,HxCDF_123478,ND,,0.15
CTABD02,HxCDF_123678,ND,,0.14
CTABD02,HxCDF_234678,0.21,PJ,0.17
CTABD02,HxCDF_123789,ND,,0.12
CTABD02,HxCDF_Total,1.4,J,0.12
CTABD02,HxCDD_123478,0.24,IJ,0.092
CTABD02,HxCDD_123678,0.18,IJ,0.076
CTABD02,HxCDD_123789,ND,,0.071
CTABD02,HxCDD_Total,ND,,0.071
CTABD02,HpCDF_1234678,ND,,0.15
CTABD02,HpCDF_1234789,ND,,0.2
CTABD02,HpCDF_Total,ND,,0.15
CTABD02,HpCDD_1234678,0.33,J,0.078
CTABD02,HpCDD_Total,0.33,J,0.078
CTABD02,OCDF,0.24,IJ,0.21
CTABD02,OCDD,1.1,IJ,0.25
CTABD02,TEQ,0.77,,
CTABD03,Moisture_Percent,72.8,,
CTABD03,Lipid_Percent,3.3,,
CTABD03,TCDF_2378,ND,,0.24
CTABD03,TCDF_Total,ND,,0.24
CTABD03,TCDD_2378,ND,,0.25
CTABD03,TCDD_Total,ND,,0.25
CTABD03,PeCDF_12378,ND,,0.35
CTABD03,PeCDF_23478,ND,,0.21
CTABD03,PeCDF_Total,ND,,0.21
CTABD03,PeCDD_12378,ND,,0.28
CTABD03,PeCDD_Total,ND,,0.28
CTABD03,HxCDF_123478,0.5,IJ,0.26
CTABD03,HxCDF_123678,0.39,IJ,0.31
CTABD03,HxCDF_234678,0.4,BJ,0.2
CTABD03,HxCDF_123789,0.3,IJ,0.2
CTABD03,HxCDF_Total,2.5,BJ,0.2
CTABD03,HxCDD_123478,ND,,0.99
CTABD03,HxCDD_123678,ND,,0.75
CTABD03,HxCDD_123789,ND,,0.89
CTABD03,HxCDD_Total,ND,,0.75
CTABD03,HpCDF_1234678,1.4,J,0.38
CTABD03,HpCDF_1234789,ND,,0.59
CTABD03,HpCDF_Total,2,J,0.38
CTABD03,HpCDD_1234678,0.84,IJ,0.47
CTABD03,HpCDD_Total,ND,,0.47
CTABD03,OCDF,1.1,IJ,0.64
CTABD03,OCDD,1.4,BJ,0.54
CTABD03,TEQ,0.18,,
CTAGWT1,Moisture_Percent,61.1,,
CTAGWT1,Lipid_Percent,17.7,,
CTAGWT1,TCDF_2378,0.4,J,0.25
CTAGWT1,TCDF_Total,2.8,,0.25
CTAGWT1,TCDD_2378,ND,,0.27
CTAGWT1,TCDD_Total,0.79,J,0.27
CTAGWT1,PeCDF_12378,ND,,0.2
CTAGWT1,PeCDF_23478,0.15,J,0.15
CTAGWT1,PeCDF_Total,0.7,J,0.15
CTAGWT1,PeCDD_12378,ND,,0.15
CTAGWT1,PeCDD_Total,ND,,0.15
CTAGWT1,HxCDF_123478,ND,,0.16
CTAGWT1,HxCDF_123678,ND,,0.094
CTAGWT1,HxCDF_234678,0.21,J,0.14
CTAGWT1,HxCDF_123789,0.17,J,0.16
CTAGWT1,HxCDF_Total,0.6,BJ,0.094
CTAGWT1,HxCDD_123478,0.31,J,0.15
CTAGWT1,HxCDD_123678,ND,,0.16
CTAGWT1,HxCDD_123789,ND,,0.11
CTAGWT1,HxCDD_Total,0.31,BJ,0.11
CTAGWT1,HpCDF_1234678,ND,,0.32
CTAGWT1,HpCDF_1234789,ND,,0.27
CTAGWT1,HpCDF_Total,ND,,0.32
CTAGWT1,HpCDD_1234678,0.21,IJ,0.17
CTAGWT1,HpCDD_Total,ND,,0.17
CTAGWT1,OCDF,ND,,0.22
CTAGWT1,OCDD,0.75,IJ,0.46
CTAGWT1,TEQ,0.15,,
CTAGWT2,Moisture_Percent,74.6,,
CTAGWT2,Lipid_Percent,2.81,,
CTAGWT2,TCDF_2378,0.43,IJ,0.17
CTAGWT2,TCDF_Total,0.35,J,0.17
CTAGWT2,TCDD_2378,ND,,0.21
CTAGWT2,TCDD_Total,ND,,0.21
CTAGWT2,PeCDF_12378,ND,,0.088
CTAGWT2,PeCDF_23478,0.41,IJ,0.15
CTAGWT2,PeCDF_Total,0.37,BJ,0.088
CTAGWT2,PeCDD_12378,0.32,IJ,0.24
CTAGWT2,PeCDD_Total,ND,,0.24
CTAGWT2,HxCDF_123478,0.59,J,0.26
CTAGWT2,HxCDF_123678,0.35,IJ,0.27
CTAGWT2,HxCDF_234678,0.36,BJ,0.24
CTAGWT2,HxCDF_123789,0.24,J,0.24
CTAGWT2,HxCDF_Total,3.3,BJ,0.24
CTAGWT2,HxCDD_123478,ND,,0.5
CTAGWT2,HxCDD_123678,ND,,0.46
CTAGWT2,HxCDD_123789,ND,,0.45
CTAGWT2,HxCDD_Total,ND,,0.45
CTAGWT2,HpCDF_1234678,1.3,J,0.34
CTAGWT2,HpCDF_1234789,ND,,0.78
CTAGWT2,HpCDF_Total,1.3,J,0.34
CTAGWT2,HpCDD_1234678,0.73,IJ,0.25
CTAGWT2,HpCDD_Total,0.9,BJ,0.25
CTAGWT2,OCDF,0.61,BJ,0.3
CTAGWT2,OCDD,1.8,BJ,0.4
CTAGWT2,TEQ,0.66,,
CTAGWT3,Moisture_Percent,71.3,,
CTAGWT3,Lipid_Percent,7.02,,
CTAGWT3,TCDF_2378,0.24,J,0.18
CTAGWT3,TCDF_Total,2.7,,0.18
CTAGWT3,TCDD_2378,ND,,0.28
CTAGWT3,TCDD_Total,1.2,J,0.28
CTAGWT3,PeCDF_12378,ND,,0.16
CTAGWT3,PeCDF_23478,ND,,0.11
CTAGWT3,PeCDF_Total,ND,,0.11
CTAGWT3,PeCDD_12378,ND,,0.18
CTAGWT3,PeCDD_Total,ND,,0.18
CTAGWT3,HxCDF_123478,ND,,0.12
CTAGWT3,HxCDF_123678,ND,,0.15
CTAGWT3,HxCDF_234678,ND,,0.14
CTAGWT3,HxCDF_123789,ND,,0.17
CTAGWT3,HxCDF_Total,ND,,0.12
CTAGWT3,HxCDD_123478,0.23,IJ,0.12
CTAGWT3,HxCDD_123678,ND,,0.12
CTAGWT3,HxCDD_123789,ND,,0.11
CTAGWT3,HxCDD_Total,ND,,0.11
CTAGWT3,HpCDF_1234678,ND,,0.2
CTAGWT3,HpCDF_1234789,ND,,0.19
CTAGWT3,HpCDF_Total,0.39,BJ,0.19
CTAGWT3,HpCDD_1234678,0.16,IJ,0.12
CTAGWT3,HpCDD_Total,0.28,BJ,0.12
CTAGWT3,OCDF,ND,,0.23
CTAGWT3,OCDD,1,BJ,0.25
CTAGWT3,TEQ,0.049,,
CTCAG01,Moisture_Percent,66.7,,
CTCAG01,Lipid_Percent,10.3,,
CTCAG01,TCDF_2378,ND,,0.12
CTCAG01,TCDF_Total,ND,,0.12
CTCAG01,TCDD_2378,ND,,0.1
CTCAG01,TCDD_Total,ND,,0.1
CTCAG01,PeCDF_12378,ND,,0.1
CTCAG01,PeCDF_23478,ND,,0.082
CTCAG01,PeCDF_Total,ND,,0.082
CTCAG01,PeCDD_12378,ND,,0.11
CTCAG01,PeCDD_Total,ND,,0.11
CTCAG01,HxCDF_123478,ND,,0.1
CTCAG01,HxCDF_123678,ND,,0.11
CTCAG01,HxCDF_234678,ND,,0.1
CTCAG01,HxCDF_123789,ND,,0.13
CTCAG01,HxCDF_Total,ND,,0.1
CTCAG01,HxCDD_123478,0.11,IJ,0.11
CTCAG01,HxCDD_123678,ND,,0.086
CTCAG01,HxCDD_123789,ND,,0.089
CTCAG01,HxCDD_Total,ND,,0.086
CTCAG01,HpCDF_1234678,ND,,0.1
CTCAG01,HpCDF_1234789,ND,,0.15
CTCAG01,HpCDF_Total,ND,,0.1
CTCAG01,HpCDD_1234678,0.25,J,0.093
CTCAG01,HpCDD_Total,0.25,BJ,0.093
CTCAG01,OCDF,ND,,0.14
CTCAG01,OCDD,1.4,BJ,0.18
CTCAG01,TEQ,0.014,,
CTCAG02,Moisture_Percent,69.9,,
CTCAG02,Lipid_Percent,6.46,,
CTCAG02,TCDF_2378,ND,,0.11
CTCAG02,TCDF_Total,ND,,0.11
CTCAG02,TCDD_2378,ND,,0.11
CTCAG02,TCDD_Total,ND,,0.11
CTCAG02,PeCDF_12378,ND,,0.058
CTCAG02,PeCDF_23478,ND,,0.047
CTCAG02,PeCDF_Total,ND,,0.047
CTCAG02,PeCDD_12378,ND,,0.14
CTCAG02,PeCDD_Total,ND,,0.14
CTCAG02,HxCDF_123478,ND,,0.097
CTCAG02,HxCDF_123678,ND,,0.11
CTCAG02,HxCDF_234678,0.14,IJ,0.12
CTCAG02,HxCDF_123789,ND,,0.13
CTCAG02,HxCDF_Total,ND,,0.097
CTCAG02,HxCDD_123478,0.16,J,0.086
CTCAG02,HxCDD_123678,ND,,0.086
CTCAG02,HxCDD_123789,ND,,0.081
CTCAG02,HxCDD_Total,0.16,BJ,0.081
CTCAG02,HpCDF_1234678,ND,,0.24
CTCAG02,HpCDF_1234789,ND,,0.25
CTCAG02,HpCDF_Total,ND,,0.24
CTCAG02,HpCDD_1234678,ND,,0.13
CTCAG02,HpCDD_Total,ND,,0.13
CTCAG02,OCDF,ND,,0.21
CTCAG02,OCDD,0.38,BJ,0.3
CTCAG02,TEQ,0.03,,
CTCAG03,Moisture_Percent,60.9,,
CTCAG03,Lipid_Percent,15.5,,
CTCAG03,TCDF_2378,ND,,0.2
CTCAG03,TCDF_Total,ND,,0.2
CTCAG03,TCDD_2378,0.23,IJ,0.22
CTCAG03,TCDD_Total,ND,,0.22
CTCAG03,PeCDF_12378,ND,,0.33
CTCAG03,PeCDF_23478,0.33,IJ,0.19
CTCAG03,PeCDF_Total,ND,,0.19
CTCAG03,PeCDD_12378,ND,,0.32
CTCAG03,PeCDD_Total,ND,,0.32
CTCAG03,HxCDF_123478,0.67,J,0.15
CTCAG03,HxCDF_123678,0.26,IJ,0.2
CTCAG03,HxCDF_234678,0.28,IJ,0.16
CTCAG03,HxCDF_123789,ND,,0.19
CTCAG03,HxCDF_Total,1.4,BJ,0.15
CTCAG03,HxCDD_123478,ND,,0.59
CTCAG03,HxCDD_123678,ND,,0.47
CTCAG03,HxCDD_123789,ND,,0.53
CTCAG03,HxCDD_Total,ND,,0.47
CTCAG03,HpCDF_1234678,0.83,IJ,0.5
CTCAG03,HpCDF_1234789,ND,,0.76
CTCAG03,HpCDF_Total,ND,,0.5
CTCAG03,HpCDD_1234678,0.55,IJ,0.36
CTCAG03,HpCDD_Total,0.61,BJ,0.36
CTCAG03,OCDF,ND,,0.45
CTCAG03,OCDD,1.4,BJ,0.5
CTCAG03,TEQ,0.47,,
CTMALL1,Moisture_Percent,,,
CTMALL1,Lipid_Percent,4.32,,
CTMALL1,TCDF_2378,0.17,IJ,0.081
CTMALL1,TCDF_Total,ND,,0.081
CTMALL1,TCDD_2378,ND,,0.081
CTMALL1,TCDD_Total,ND,,0.081
CTMALL1,PeCDF_12378,ND,,0.069
CTMALL1,PeCDF_23478,0.099,J,0.059
CTMALL1,PeCDF_Total,0.099,J,0.059
CTMALL1,PeCDD_12378,ND,,0.099
CTMALL1,PeCDD_Total,ND,,0.099
CTMALL1,HxCDF_123478,ND,,0.13
CTMALL1,HxCDF_123678,ND,,0.18
CTMALL1,HxCDF_234678,0.21,IJ,0.12
CTMALL1,HxCDF_123789,0.15,BJ,0.13
CTMALL1,HxCDF_Total,0.15,BJ,0.12
CTMALL1,HxCDD_123478,0.24,BJ,0.12
CTMALL1,HxCDD_123678,ND,,0.12
CTMALL1,HxCDD_123789,ND,,0.099
CTMALL1,HxCDD_Total,0.24,BJ,0.099
CTMALL1,HpCDF_1234678,ND,,0.16
CTMALL1,HpCDF_1234789,ND,,0.15
CTMALL1,HpCDF_Total,ND,,0.15
CTMALL1,HpCDD_1234678,0.26,J,0.084
CTMALL1,HpCDD_Total,0.26,J,0.084
CTMALL1,OCDF,ND,,0.13
CTMALL1,OCDD,0.95,IJ,0.2
CTMALL1,TEQ,0.11,,
CTMALL2,Moisture_Percent,70.3,,
CTMALL2,Lipid_Percent,6.43,,
CTMALL2,TCDF_2378,1.1,I,0.21
CTMALL2,TCDF_Total,ND,,0.21
CTMALL2,TCDD_2378,0.64,J,0.2
CTMALL2,TCDD_Total,0.64,J,0.2
CTMALL2,PeCDF_12378,ND,,0.2
CTMALL2,PeCDF_23478,0.6,IJ,0.14
CTMALL2,PeCDF_Total,0.19,BJ,0.14
CTMALL2,PeCDD_12378,0.57,J,0.22
CTMALL2,PeCDD_Total,0.57,J,0.22
CTMALL2,HxCDF_123478,0.4,J,0.22
CTMALL2,HxCDF_123678,ND,,28
CTMALL2,HxCDF_234678,ND,,0.28
CTMALL2,HxCDF_123789,ND,,0.33
CTMALL2,HxCDF_Total,1,BJ,22
CTMALL2,HxCDD_123478,ND,,0.52
CTMALL2,HxCDD_123678,ND,,0.48
CTMALL2,HxCDD_123789,ND,,0.47
CTMALL2,HxCDD_Total,ND,,0.47
CTMALL2,HpCDF_1234678,0.86,J,0.19
CTMALL2,HpCDF_1234789,ND,,0.3
CTMALL2,HpCDF_Total,0.86,J,0.19
CTMALL2,HpCDD_1234678,0.57,BJ,0.19
CTMALL2,HpCDD_Total,0.57,BJ,0.19
CTMALL2,OCDF,0.48,BJ,0.39
CTMALL2,OCDD,1.2,BJ,0.35
CTMALL2,TEQ,1.5,,
CTMALL3,Moisture_Percent,63,,
CTMALL3,Lipid_Percent,14.1,,
CTMALL3,TCDF_2378,0.19,IJ,0.17
CTMALL3,TCDF_Total,0.2,J,0.17
CTMALL3,TCDD_2378,ND,,0.2
CTMALL3,TCDD_Total,ND,,0.2
CTMALL3,PeCDF_12378,ND,,0.18
CTMALL3,PeCDF_23478,0.25,IJ,0.13
CTMALL3,PeCDF_Total,0.44,BJ,0.13
CTMALL3,PeCDD_12378,ND,,0.35
CTMALL3,PeCDD_Total,ND,,0.35
CTMALL3,HxCDF_123478,0.37,J,0.17
CTMALL3,HxCDF_123678,0.24,IJ,0.2
CTMALL3,HxCDF_234678,0.29,BJ,0.18
CTMALL3,HxCDF_123789,ND,,0.18
CTMALL3,HxCDF_Total,1.1,BJ,0.17
CTMALL3,HxCDD_123478,ND,,0.47
CTMALL3,HxCDD_123678,ND,,0.4
CTMALL3,HxCDD_123789,ND,,0.39
CTMALL3,HxCDD_Total,ND,,0.39
CTMALL3,HpCDF_1234678,1.2,J,0.38
CTMALL3,HpCDF_1234789,ND,,0.62
CTMALL3,HpCDF_Total,1.2,J,0.38
CTMALL3,HpCDD_1234678,0.79,BJ,0.27
CTMALL3,HpCDD_Total,1.6,BJ,0.27
CTMALL3,OCDF,0.57,BJ,0.28
CTMALL3,OCDD,0.86,IJ,0.32
CTMALL3,TEQ,0.2,,
CTWOD01,Moisture_Percent,72.6,,
CTWOD01,Lipid_Percent,2.78,,
CTWOD01,TCDF_2378,ND,,0.11
CTWOD01,TCDF_Total,ND,,0.11
CTWOD01,TCDD_2378,ND,,0.15
CTWOD01,TCDD_Total,ND,,0.15
CTWOD01,PeCDF_12378,ND,,0.16
CTWOD01,PeCDF_23478,0.13,IJ,0.1
CTWOD01,PeCDF_Total,0.62,BJ,0.1
CTWOD01,PeCDD_12378,ND,,0.13
CTWOD01,PeCDD_Total,ND,,0.13
CTWOD01,HxCDF_123478,0.35,J,0.12
CTWOD01,HxCDF_123678,0.27,BJ,0.15
CTWOD01,HxCDF_234678,0.28,IJ,0.12
CTWOD01,HxCDF_123789,0.3,J,0.14
CTWOD01,HxCDF_Total,1.2,BJ,0.12
CTWOD01,HxCDD_123478,ND,,0.29
CTWOD01,HxCDD_123678,ND,,0.25
CTWOD01,HxCDD_123789,ND,,0.32
CTWOD01,HxCDD_Total,ND,,0.25
CTWOD01,HpCDF_1234678,1,J,0.22
CTWOD01,HpCDF_1234789,ND,,0.35
CTWOD01,HpCDF_Total,1,J,0.22
CTWOD01,HpCDD_1234678,0.48,IJ,0.22
CTWOD01,HpCDD_Total,ND,,0.22
CTWOD01,OCDF,0.31,IJ,0.22
CTWOD01,OCDD,1.2,BJ,0.32
CTWOD01,TEQ,0.17,,
CTWOD02,Moisture_Percent,67.8,,
CTWOD02,Lipid_Percent,10,,
CTWOD02,TCDF_2378,0.2,J,0.094
CTWOD02,TCDF_Total,0.62,J,0.094
CTWOD02,TCDD_2378,ND,,0.15
CTWOD02,TCDD_Total,ND,,0.15
CTWOD02,PeCDF_12378,ND,,0.16
CTWOD02,PeCDF_23478,ND,,0.13
CTWOD02,PeCDF_Total,0.6,BJ,0.13
CTWOD02,PeCDD_12378,ND,,0.3
CTWOD02,PeCDD_Total,ND,,0.3
CTWOD02,HxCDF_123478,0.22,IJ,0.13
CTWOD02,HxCDF_123678,ND,,0.14
CTWOD02,HxCDF_234678,0.18,IJ,0.13
CTWOD02,HxCDF_123789,ND,,0.15
CTWOD02,HxCDF_Total,0.28,BJ,0.13
CTWOD02,HxCDD_123478,0.39,IJ,0.29
CTWOD02,HxCDD_123678,ND,,0.29
CTWOD02,HxCDD_123789,ND,,0.3
CTWOD02,HxCDD_Total,ND,,0.29
CTWOD02,HpCDF_1234678,1,J,0.26
CTWOD02,HpCDF_1234789,ND,,0.4
CTWOD02,HpCDF_Total,1,J,0.26
CTWOD02,HpCDD_1234678,0.5,IJ,0.2
CTWOD02,HpCDD_Total,ND,,0.2
CTWOD02,OCDF,0.32,IJ,0.25
CTWOD02,OCDD,1.3,IJ,0.4
CTWOD02,TEQ,0.11,,
MC-2,Moisture_Percent,70,,
MC-2,Lipid_Percent,8.09,,
MC-2,TCDF_2378,ND,,0.38
MC-2,TCDF_Total,ND,,0.38
MC-2,TCDD_2378,ND,,0.38
MC-2,TCDD_Total,ND,,0.38
MC-2,PeCDF_12378,ND,,0.62
MC-2,PeCDF_23478,ND,,0.45
MC-2,PeCDF_Total,0.49,BJ,0.45
MC-2,PeCDD_12378,ND,,0.55
MC-2,PeCDD_Total,ND,,0.55
MC-2,HxCDF_123478,0.44,IJ,0.33
MC-2,HxCDF_123678,ND,,0.35
MC-2,HxCDF_234678,0.71,IJ,0.35
MC-2,HxCDF_123789,ND,,0.44
MC-2,HxCDF_Total,1.8,BJ,0.33
MC-2,HxCDD_123478,ND,,0.45
MC-2,HxCDD_123678,ND,,0.33
MC-2,HxCDD_123789,ND,,0.35
MC-2,HxCDD_Total,ND,,0.33
MC-2,HpCDF_1234678,1.5,J,0.81
MC-2,HpCDF_1234789,ND,,1.1
MC-2,HpCDF_Total,1.5,J,0.81
MC-2,HpCDD_1234678,1.4,BJ,0.4
MC-2,HpCDD_Total,1.4,BJ,0.4
MC-2,OCDF,0.54,IJ,0.53
MC-2,OCDD,2.5,BJ,1.1
MC-2,TEQ,0.15,,
NJ_ABDU_01_AD,Moisture_Percent,69.2,,
NJ_ABDU_01_AD,Lipid_Percent,8.8,,
NJ_ABDU_01_AD,TCDF_2378,0.71,J,0.35
NJ_ABDU_01_AD,TCDF_Total,0.71,J,0.35
NJ_ABDU_01_AD,TCDD_2378,ND,,0.23
NJ_ABDU_01_AD,TCDD_Total,0.35,J,0.23
NJ_ABDU_01_AD,PeCDF_12378,ND,,0.29
NJ_ABDU_01_AD,PeCDF_23478,0.31,IJ,0.29
NJ_ABDU_01_AD,PeCDF_Total,ND,,0.29
NJ_ABDU_01_AD,PeCDD_12378,ND,,0.37
NJ_ABDU_01_AD,PeCDD_Total,ND,,0.37
NJ_ABDU_01_AD,HxCDF_123478,ND,,0.18
NJ_ABDU_01_AD,HxCDF_123678,0.36,BJ,0.17
NJ_ABDU_01_AD,HxCDF_234678,0.42,BJ,0.2
NJ_ABDU_01_AD,HxCDF_123789,ND,,0.28
NJ_ABDU_01_AD,HxCDF_Total,0.78,BJ,0.17
NJ_ABDU_01_AD,HxCDD_123478,0.39,J,0.24
NJ_ABDU_01_AD,HxCDD_123678,ND,,0.24
NJ_ABDU_01_AD,HxCDD_123789,ND,,0.25
NJ_ABDU_01_AD,HxCDD_Total,0.39,J,0.24
NJ_ABDU_01_AD,HpCDF_1234678,0.44,IJ,0.38
NJ_ABDU_01_AD,HpCDF_1234789,ND,,0.34
NJ_ABDU_01_AD,HpCDF_Total,ND,,0.34
NJ_ABDU_01_AD,HpCDD_1234678,0.66,BJ,0.31
NJ_ABDU_01_AD,HpCDD_Total,0.66,BJ,0.31
NJ_ABDU_01_AD,OCDF,ND,,0.3
NJ_ABDU_01_AD,OCDD,1.1,BJ,0.44
NJ_ABDU_01_AD,TEQ,0.29,,
NJ_ABDU_02_LC,Moisture_Percent,69.2,,
NJ_ABDU_02_LC,Lipid_Percent,7.33,,
NJ_ABDU_02_LC,TCDF_2378,ND,,0.19
NJ_ABDU_02_LC,TCDF_Total,0.34,J,0.19
NJ_ABDU_02_LC,TCDD_2378,ND,,0.21
NJ_ABDU_02_LC,TCDD_Total,ND,,0.21
NJ_ABDU_02_LC,PeCDF_12378,ND,,0.4
NJ_ABDU_02_LC,PeCDF_23478,ND,,0.33
NJ_ABDU_02_LC,PeCDF_Total,ND,,0.33
NJ_ABDU_02_LC,PeCDD_12378,ND,,0.47
NJ_ABDU_02_LC,PeCDD_Total,ND,,0.47
NJ_ABDU_02_LC,HxCDF_123478,0.41,J,0.21
NJ_ABDU_02_LC,HxCDF_123678,ND,,0.2
NJ_ABDU_02_LC,HxCDF_234678,0.32,BJ,0.21
NJ_ABDU_02_LC,HxCDF_123789,ND,,0.27
NJ_ABDU_02_LC,HxCDF_Total,1.8,BJ,0.2
NJ_ABDU_02_LC,HxCDD_123478,ND,,0.24
NJ_ABDU_02_LC,HxCDD_123678,ND,,0.22
NJ_ABDU_02_LC,HxCDD_123789,ND,,0.21
NJ_ABDU_02_LC,HxCDD_Total,ND,,0.21
NJ_ABDU_02_LC,HpCDF_1234678,1.2,J,0.28
NJ_ABDU_02_LC,HpCDF_1234789,ND,,0.38
NJ_ABDU_02_LC,HpCDF_Total,1.2,J,0.28
NJ_ABDU_02_LC,HpCDD_1234678,0.66,IJ,0.24
NJ_ABDU_02_LC,HpCDD_Total,ND,,0.24
NJ_ABDU_02_LC,OCDF,ND,,0.26
NJ_ABDU_02_LC,OCDD,1.4,BJ,0.35
NJ_ABDU_02_LC,TEQ,0.091,,
NJ_ABDU_30_AD,Moisture_Percent,66.3,,
NJ_ABDU_30_AD,Lipid_Percent,11.3,,
NJ_ABDU_30_AD,TCDF_2378,2.8,,0.3
NJ_ABDU_30_AD,TCDF_Total,5.5,,0.3
NJ_ABDU_30_AD,TCDD_2378,ND,,0.24
NJ_ABDU_30_AD,TCDD_Total,ND,,0.24
NJ_ABDU_30_AD,PeCDF_12378,ND,,0.54
NJ_ABDU_30_AD,PeCDF_23478,0.53,BJ,0.36
NJ_ABDU_30_AD,PeCDF_Total,1.1,BJ,0.36
NJ_ABDU_30_AD,PeCDD_12378,ND,,0.53
NJ_ABDU_30_AD,PeCDD_Total,ND,,0.53
NJ_ABDU_30_AD,HxCDF_123478,0.43,J,0.14
NJ_ABDU_30_AD,HxCDF_123678,0.27,BJ,0.14
NJ_ABDU_30_AD,HxCDF_234678,0.7,BJ,0.094
NJ_ABDU_30_AD,HxCDF_123789,ND,,0.14
NJ_ABDU_30_AD,HxCDF_Total,2,BJ,0.094
NJ_ABDU_30_AD,HxCDD_123478,0.35,J,0.15
NJ_ABDU_30_AD,HxCDD_123678,0.4,J,0.15
NJ_ABDU_30_AD,HxCDD_123789,ND,,0.15
NJ_ABDU_30_AD,HxCDD_Total,0.75,J,0.15
NJ_ABDU_30_AD,HpCDF_1234678,0.85,J,0.35
NJ_ABDU_30_AD,HpCDF_1234789,ND,,0.4
NJ_ABDU_30_AD,HpCDF_Total,4.4,J,0.35
NJ_ABDU_30_AD,HpCDD_1234678,0.78,BJ,0.25
NJ_ABDU_30_AD,HpCDD_Total,0.78,BJ,0.25
NJ_ABDU_30_AD,OCDF,ND,,0.25
NJ_ABDU_30_AD,OCDD,1.4,BJ,0.38
NJ_ABDU_30_AD,TEQ,0.67,,
NJ_AGWT_01_AD,Moisture_Percent,,,
NJ_AGWT_01_AD,Lipid_Percent,11,,
NJ_AGWT_01_AD,TCDF_2378,5.5,,0.31
NJ_AGWT_01_AD,TCDF_Total,23,,0.31
NJ_AGWT_01_AD,TCDD_2378,13,,0.29
NJ_AGWT_01_AD,TCDD_Total,14,,0.29
NJ_AGWT_01_AD,PeCDF_12378,2,J,0.061
NJ_AGWT_01_AD,PeCDF_23478,3.5,J,0.057
NJ_AGWT_01_AD,PeCDF_Total,13,,0.057
NJ_AGWT_01_AD,PeCDD_12378,0.97,J,0.11
NJ_AGWT_01_AD,PeCDD_Total,1.3,J,0.11
NJ_AGWT_01_AD,HxCDF_123478,2.9,J,0.2
NJ_AGWT_01_AD,HxCDF_123678,0.81,J,0.2
NJ_AGWT_01_AD,HxCDF_234678,5,PJ,0.12
NJ_AGWT_01_AD,HxCDF_123789,0.17,BJ,0.14
NJ_AGWT_01_AD,HxCDF_Total,3.9,J,0.12
NJ_AGWT_01_AD,HxCDD_123478,0.48,IJ,0.2
NJ_AGWT_01_AD,HxCDD_123678,0.87,J,0.24
NJ_AGWT_01_AD,HxCDD_123789,0.23,J,0.17
NJ_AGWT_01_AD,HxCDD_Total,1.1,BJ,0.17
NJ_AGWT_01_AD,HpCDF_1234678,0.92,J,0.73
NJ_AGWT_01_AD,HpCDF_1234789,ND,,0.73
NJ_AGWT_01_AD,HpCDF_Total,0.92,J,0.73
NJ_AGWT_01_AD,HpCDD_1234678,1.3,J,0.11
NJ_AGWT_01_AD,HpCDD_Total,2.7,J,0.11
NJ_AGWT_01_AD,OCDF,1.3,J,0.19
NJ_AGWT_01_AD,OCDD,2.7,J,0.29
NJ_AGWT_01_AD,TEQ,17,,
NJ_AGWT_01_LC,Moisture_Percent,64.5,,
NJ_AGWT_01_LC,Lipid_Percent,11.2,,
NJ_AGWT_01_LC,TCDF_2378,1.7,J,0.42
NJ_AGWT_01_LC,TCDF_Total,3.5,,0.42
NJ_AGWT_01_LC,TCDD_2378,ND,,0.5
NJ_AGWT_01_LC,TCDD_Total,ND,,0.5
NJ_AGWT_01_LC,PeCDF_12378,0.79,J,0.67
NJ_AGWT_01_LC,PeCDF_23478,0.78,IJ,0.45
NJ_AGWT_01_LC,PeCDF_Total,0.64,BJ,0.45
NJ_AGWT_01_LC,PeCDD_12378,0.84,J,0.54
NJ_AGWT_01_LC,PeCDD_Total,0.84,J,0.54
NJ_AGWT_01_LC,HxCDF_123478,0.6,J,0.2
NJ_AGWT_01_LC,HxCDF_123678,0.57,IJ,0.2
NJ_AGWT_01_LC,HxCDF_234678,0.94,IJ,0.2
NJ_AGWT_01_LC,HxCDF_123789,ND,,0.29
NJ_AGWT_01_LC,HxCDF_Total,1.3,BJ,0.2
NJ_AGWT_01_LC,HxCDD_123478,0.94,J,0.33
NJ_AGWT_01_LC,HxCDD_123678,0.96,J,0.35
NJ_AGWT_01_LC,HxCDD_123789,ND,,0.36
NJ_AGWT_01_LC,HxCDD_Total,4.6,J,0.33
NJ_AGWT_01_LC,HpCDF_1234678,1.7,J,0.5
NJ_AGWT_01_LC,HpCDF_1234789,ND,,0.72
NJ_AGWT_01_LC,HpCDF_Total,1.7,J,0.5
NJ_AGWT_01_LC,HpCDD_1234678,2,BJ,0.45
NJ_AGWT_01_LC,HpCDD_Total,3.5,BJ,0.45
NJ_AGWT_01_LC,OCDF,ND,,0.88
NJ_AGWT_01_LC,OCDD,2.9,BJ,1.6
NJ_AGWT_01_LC,TEQ,1.7,,
NJ_AGWT_02_AD,Moisture_Percent,71.4,,
NJ_AGWT_02_AD,Lipid_Percent,9.19,,
NJ_AGWT_02_AD,TCDF_2378,1.2,I,0.38
NJ_AGWT_02_AD,TCDF_Total,3,,0.38
NJ_AGWT_02_AD,TCDD_2378,0.24,J,0.22
NJ_AGWT_02_AD,TCDD_Total,1.3,,0.22
NJ_AGWT_02_AD,PeCDF_12378,0.31,IJ,0.24
NJ_AGWT_02_AD,PeCDF_23478,0.71,IJ,0.21
NJ_AGWT_02_AD,PeCDF_Total,1.5,BJ,0.21
NJ_AGWT_02_AD,PeCDD_12378,0.41,IJ,0.19
NJ_AGWT_02_AD,PeCDD_Total,0.37,J,0.19
NJ_AGWT_02_AD,HxCDF_123478,0.82,PJ,0.27
NJ_AGWT_02_AD,HxCDF_123678,0.48,IJ,0.46
NJ_AGWT_02_AD,HxCDF_234678,0.36,BJ,0.28
NJ_AGWT_02_AD,HxCDF_123789,0.23,J,0.19
NJ_AGWT_02_AD,HxCDF_Total,1.1,BJ,0.19
NJ_AGWT_02_AD,HxCDD_123478,0.79,J,0.24
NJ_AGWT_02_AD,HxCDD_123678,0.74,J,0.27
NJ_AGWT_02_AD,HxCDD_123789,0.5,IJ,0.3
NJ_AGWT_02_AD,HxCDD_Total,5.5,J,0.24
NJ_AGWT_02_AD,HpCDF_1234678,1.4,J,0.3
NJ_AGWT_02_AD,HpCDF_1234789,ND,,0.5
NJ_AGWT_02_AD,HpCDF_Total,1.4,J,0.3
NJ_AGWT_02_AD,HpCDD_1234678,2.3,BJ,0.2
NJ_AGWT_02_AD,HpCDD_Total,3.9,BJ,0.2
NJ_AGWT_02_AD,OCDF,0.68,IJ,0.42
NJ_AGWT_02_AD,OCDD,4.1,BJ,0.43
NJ_AGWT_02_AD,TEQ,1.4,,
NJ_AGWT_02_NJ,Moisture_Percent,68.3,,
NJ_AGWT_02_NJ,Lipid_Percent,13.8,,
NJ_AGWT_02_NJ,TCDF_2378,4.7,,0.29
NJ_AGWT_02_NJ,TCDF_Total,14,,0.29
NJ_AGWT_02_NJ,TCDD_2378,0.94,J,0.2
NJ_AGWT_02_NJ,TCDD_Total,1.6,,0.2
NJ_AGWT_02_NJ,PeCDF_12378,0.81,IJ,0.18
NJ_AGWT_02_NJ,PeCDF_23478,1.5,J,0.095
NJ_AGWT_02_NJ,PeCDF_Total,6.3,,0.095
NJ_AGWT_02_NJ,PeCDD_12378,2.2,J,0.13
NJ_AGWT_02_NJ,PeCDD_Total,3.9,J,0.13
NJ_AGWT_02_NJ,HxCDF_123478,0.43,J,0.15
NJ_AGWT_02_NJ,HxCDF_123678,0.29,IJ,0.16
NJ_AGWT_02_NJ,HxCDF_234678,0.83,IJ,0.2
NJ_AGWT_02_NJ,HxCDF_123789,ND,,0.19
NJ_AGWT_02_NJ,HxCDF_Total,1.6,BJ,0.15
NJ_AGWT_02_NJ,HxCDD_123478,2.1,J,0.16
NJ_AGWT_02_NJ,HxCDD_123678,2.5,J,0.11
NJ_AGWT_02_NJ,HxCDD_123789,0.93,IJ,0.11
NJ_AGWT_02_NJ,HxCDD_Total,10,,0.11
NJ_AGWT_02_NJ,HpCDF_1234678,ND,,0.34
NJ_AGWT_02_NJ,HpCDF_1234789,ND,,0.59
NJ_AGWT_02_NJ,HpCDF_Total,ND,,0.34
NJ_AGWT_02_NJ,HpCDD_1234678,4.1,J,0.2
NJ_AGWT_02_NJ,HpCDD_Total,6.4,,0.2
NJ_AGWT_02_NJ,OCDF,ND,,0.2
NJ_AGWT_02_NJ,OCDD,5.9,BJ,0.34
NJ_AGWT_02_NJ,TEQ,4.9,,
NJ_CAGO_01_AD,Moisture_Percent,63.3,,
NJ_CAGO_01_AD,Lipid_Percent,14,,
NJ_CAGO_01_AD,TCDF_2378,ND,,0.22
NJ_CAGO_01_AD,TCDF_Total,ND,,0.22
NJ_CAGO_01_AD,TCDD_2378,0.63,J,0.25
NJ_CAGO_01_AD,TCDD_Total,0.63,J,0.25
NJ_CAGO_01_AD,PeCDF_12378,ND,,0.2
NJ_CAGO_01_AD,PeCDF_23478,0.32,IJ,0.14
NJ_CAGO_01_AD,PeCDF_Total,1.6,BJ,0.14
NJ_CAGO_01_AD,PeCDD_12378,ND,,0.26
NJ_CAGO_01_AD,PeCDD_Total,0.34,J,0.26
NJ_CAGO_01_AD,HxCDF_123478,0.59,IJ,0.13
NJ_CAGO_01_AD,HxCDF_123678,0.38,IJ,0.16
NJ_CAGO_01_AD,HxCDF_234678,0.24,IJ,0.16
NJ_CAGO_01_AD,HxCDF_123789,ND,,0.15
NJ_CAGO_01_AD,HxCDF_Total,0.56,BJ,0.13
NJ_CAGO_01_AD,HxCDD_123478,0.57,IJ,0.3
NJ_CAGO_01_AD,HxCDD_123678,0.5,J,0.33
NJ_CAGO_01_AD,HxCDD_123789,0.39,J,0.32
NJ_CAGO_01_AD,HxCDD_Total,1.4,J,0.3
NJ_CAGO_01_AD,HpCDF_1234678,1.4,J,0.26
NJ_CAGO_01_AD,HpCDF_1234789,ND,,0.48
NJ_CAGO_01_AD,HpCDF_Total,1.4,J,0.26
NJ_CAGO_01_AD,HpCDD_1234678,2.2,BJ,0.35
NJ_CAGO_01_AD,HpCDD_Total,2.2,BJ,0.35
NJ_CAGO_01_AD,OCDF,0.54,BJ,0.42
NJ_CAGO_01_AD,OCDD,13,,1.1
NJ_CAGO_01_AD,TEQ,1,,
NJ_CAGO_30_AD,Moisture_Percent,63.9,,
NJ_CAGO_30_AD,Lipid_Percent,11.9,,
NJ_CAGO_30_AD,TCDF_2378,ND,,0.12
NJ_CAGO_30_AD,TCDF_Total,ND,,0.12
NJ_CAGO_30_AD,TCDD_2378,ND,,0.19
NJ_CAGO_30_AD,TCDD_Total,0.54,J,0.19
NJ_CAGO_30_AD,PeCDF_12378,ND,,0.21
NJ_CAGO_30_AD,PeCDF_23478,0.34,BJ,0.13
NJ_CAGO_30_AD,PeCDF_Total,0.83,BJ,0.13
NJ_CAGO_30_AD,PeCDD_12378,0.51,IJ,0.11
NJ_CAGO_30_AD,PeCDD_Total,ND,,0.11
NJ_CAGO_30_AD,HxCDF_123478,0.61,PJ,0.07
NJ_CAGO_30_AD,HxCDF_123678,0.32,IJ,0.1
NJ_CAGO_30_AD,HxCDF_234678,0.26,IJ,0.11
NJ_CAGO_30_AD,HxCDF_123789,ND,,0.18
NJ_CAGO_30_AD,HxCDF_Total,ND,,0.07
NJ_CAGO_30_AD,HxCDD_123478,0.67,J,0.23
NJ_CAGO_30_AD,HxCDD_123678,0.61,J,0.26
NJ_CAGO_30_AD,HxCDD_123789,0.23,IJ,0.22
NJ_CAGO_30_AD,HxCDD_Total,1.3,J,0.22
NJ_CAGO_30_AD,HpCDF_1234678,0.8,IJ,0.35
NJ_CAGO_30_AD,HpCDF_1234789,ND,,0.6
NJ_CAGO_30_AD,HpCDF_Total,ND,,0.35
NJ_CAGO_30_AD,HpCDD_1234678,1.4,BJ,0.23
NJ_CAGO_30_AD,HpCDD_Total,2.1,BJ,0.23
NJ_CAGO_30_AD,OCDF,ND,,0.31
NJ_CAGO_30_AD,OCDD,4.2,BJ,0.46
NJ_CAGO_30_AD,TEQ,0.91,,
NJ_MALL_01_AD,Moisture_Percent,64.9,,
NJ_MALL_01_AD,Lipid_Percent,12.2,,
NJ_MALL_01_AD,TCDF_2378,0.24,J,0.08
NJ_MALL_01_AD,TCDF_Total,1.2,,0.08
NJ_MALL_01_AD,TCDD_2378,0.48,J,0.17
NJ_MALL_01_AD,TCDD_Total,0.48,J,0.17
NJ_MALL_01_AD,PeCDF_12378,ND,,0.1
NJ_MALL_01_AD,PeCDF_23478,0.26,IJ,0.081
NJ_MALL_01_AD,PeCDF_Total,0.51,BJ,0.081
NJ_MALL_01_AD,PeCDD_12378,ND,,0.15
NJ_MALL_01_AD,PeCDD_Total,ND,,0.15
NJ_MALL_01_AD,HxCDF_123478,0.38,J,0.066
NJ_MALL_01_AD,HxCDF_123678,0.32,BJ,0.12
NJ_MALL_01_AD,HxCDF_234678,0.26,BJ,0.067
NJ_MALL_01_AD,HxCDF_123789,0.24,IJ,0.1
NJ_MALL_01_AD,HxCDF_Total,1.8,BJ,0.066
NJ_MALL_01_AD,HxCDD_123478,ND,,0.16
NJ_MALL_01_AD,HxCDD_123678,ND,,0.21
NJ_MALL_01_AD,HxCDD_123789,ND,,0.2
NJ_MALL_01_AD,HxCDD_Total,ND,,0.16
NJ_MALL_01_AD,HpCDF_1234678,0.97,J,0.21
NJ_MALL_01_AD,HpCDF_1234789,ND,,0.41
NJ_MALL_01_AD,HpCDF_Total,0.97,J,0.21
NJ_MALL_01_AD,HpCDD_1234678,0.32,IJ,0.16
NJ_MALL_01_AD,HpCDD_Total,0.54,BJ,0.16
NJ_MALL_01_AD,OCDF,0.21,IJ,0.2
NJ_MALL_01_AD,OCDD,1,BJ,0.24
NJ_MALL_01_AD,TEQ,0.72,,
NJ_MALL_10_AD,Moisture_Percent,,,
NJ_MALL_10_AD,Lipid_Percent,8.83,,
NJ_MALL_10_AD,TCDF_2378,3.1,,0.18
NJ_MALL_10_AD,TCDF_Total,4.9,,0.18
NJ_MALL_10_AD,TCDD_2378,0.99,,0.17
NJ_MALL_10_AD,TCDD_Total,0.99,,0.17
NJ_MALL_10_AD,PeCDF_12378,0.21,J,0.19
NJ_MALL_10_AD,PeCDF_23478,0.66,J,0.15
NJ_MALL_10_AD,PeCDF_Total,1.5,J,0.15
NJ_MALL_10_AD,PeCDD_12378,0.79,J,0.2
NJ_MALL_10_AD,PeCDD_Total,0.79,J,0.2
NJ_MALL_10_AD,HxCDF_123478,ND,,0.14
NJ_MALL_10_AD,HxCDF_123678,ND,,0.14
NJ_MALL_10_AD,HxCDF_234678,0.73,IJ,0.15
NJ_MALL_10_AD,HxCDF_123789,ND,,0.18
NJ_MALL_10_AD,HxCDF_Total,2.1,J,0.14
NJ_MALL_10_AD,HxCDD_123478,0.38,IJ,0.19
NJ_MALL_10_AD,HxCDD_123678,0.29,J,0.16
NJ_MALL_10_AD,HxCDD_123789,ND,,0.15
NJ_MALL_10_AD,HxCDD_Total,0.29,BJ,0.15
NJ_MALL_10_AD,HpCDF_1234678,ND,,0.28
NJ_MALL_10_AD,HpCDF_1234789,ND,,0.39
NJ_MALL_10_AD,HpCDF_Total,ND,,0.28
NJ_MALL_10_AD,HpCDD_1234678,0.34,IJ,0.19
NJ_MALL_10_AD,HpCDD_Total,ND,,0.19
NJ_MALL_10_AD,OCDF,ND,,0.24
NJ_MALL_10_AD,OCDD,0.74,IJ,0.26
NJ_MALL_10_AD,TEQ,2.4,,
NJ_MALL_10_AD DUP,Moisture_Percent,,,
NJ_MALL_10_AD DUP,Lipid_Percent,9.65,,
NJ_MALL_10_AD DUP,TCDF_2378,3.2,,0.22
NJ_MALL_10_AD DUP,TCDF_Total,3.9,,0.22
NJ_MALL_10_AD DUP,TCDD_2378,0.76,J,0.2
NJ_MALL_10_AD DUP,TCDD_Total,0.76,J,0.2
NJ_MALL_10_AD DUP,PeCDF_12378,0.2,J,0.056
NJ_MALL_10_AD DUP,PeCDF_23478,0.67,IJ,0.057
NJ_MALL_10_AD DUP,PeCDF_Total,1.2,J,0.056
NJ_MALL_10_AD DUP,PeCDD_12378,0.79,IJ,0.14
NJ_MALL_10_AD DUP,PeCDD_Total,ND,,0.14
NJ_MALL_10_AD DUP,HxCDF_123478,ND,,0.13
NJ_MALL_10_AD DUP,HxCDF_123678,ND,,0.13
NJ_MALL_10_AD DUP,HxCDF_234678,0.7,IJ,0.12
NJ_MALL_10_AD DUP,HxCDF_123789,ND,,0.098
NJ_MALL_10_AD DUP,HxCDF_Total,ND,,0.098
NJ_MALL_10_AD DUP,HxCDD_123478,ND,,0.39
NJ_MALL_10_AD DUP,HxCDD_123678,0.27,IJ,0.25
NJ_MALL_10_AD DUP,HxCDD_123789,ND,,0.11
NJ_MALL_10_AD DUP,HxCDD_Total,ND,,0.11
NJ_MALL_10_AD DUP,HpCDF_1234678,ND,,0.27
NJ_MALL_10_AD DUP,HpCDF_1234789,ND,,0.39
NJ_MALL_10_AD DUP,HpCDF_Total,ND,,0.27
NJ_MALL_10_AD DUP,HpCDD_1234678,0.26,IJ,0.17
NJ_MALL_10_AD DUP,HpCDD_Total,ND,,0.17
NJ_MALL_10_AD DUP,OCDF,ND,,0.22
NJ_MALL_10_AD DUP,OCDD,1.1,J,0.32
NJ_MALL_10_AD DUP,TEQ,2.2,,
NJ_MALL_11_AD,Moisture_Percent,66,,
NJ_MALL_11_AD,Lipid_Percent,11.4,,
NJ_MALL_11_AD,TCDF_2378,2.1,,0.27
NJ_MALL_11_AD,TCDF_Total,3.6,,0.27
NJ_MALL_11_AD,TCDD_2378,0.85,J,0.15
NJ_MALL_11_AD,TCDD_Total,0.85,J,0.15
NJ_MALL_11_AD,PeCDF_12378,0.27,IJ,0.26
NJ_MALL_11_AD,PeCDF_23478,1.1,BJ,0.17
NJ_MALL_11_AD,PeCDF_Total,2.6,BJ,0.17
NJ_MALL_11_AD,PeCDD_12378,0.64,J,0.23
NJ_MALL_11_AD,PeCDD_Total,0.96,J,0.23
NJ_MALL_11_AD,HxCDF_123478,1.4,PJ,0.26
NJ_MALL_11_AD,HxCDF_123678,0.55,BJ,0.3
NJ_MALL_11_AD,HxCDF_234678,0.3,IJ,0.29
NJ_MALL_11_AD,HxCDF_123789,ND,,0.18
NJ_MALL_11_AD,HxCDF_Total,2,BJ,0.18
NJ_MALL_11_AD,HxCDD_123478,0.76,J,0.51
NJ_MALL_11_AD,HxCDD_123678,0.57,J,0.46
NJ_MALL_11_AD,HxCDD_123789,ND,,0.4
NJ_MALL_11_AD,HxCDD_Total,1.3,J,0.4
NJ_MALL_11_AD,HpCDF_1234678,1.4,J,0.57
NJ_MALL_11_AD,HpCDF_1234789,ND,,0.6
NJ_MALL_11_AD,HpCDF_Total,1.4,J,0.57
NJ_MALL_11_AD,HpCDD_1234678,1.2,BJ,0.25
NJ_MALL_11_AD,HpCDD_Total,2,BJ,0.25
NJ_MALL_11_AD,OCDF,0.47,IJ,0.15
NJ_MALL_11_AD,OCDD,2.7,BJ,0.48
NJ_MALL_11_AD,TEQ,2.4,,
NJ_MALL_11_AD DUP,Moisture_Percent,,,
NJ_MALL_11_AD DUP,Lipid_Percent,11.1,,
NJ_MALL_11_AD DUP,TCDF_2378,2.1,,0.044
NJ_MALL_11_AD DUP,TCDF_Total,3.7,,0.044
NJ_MALL_11_AD DUP,TCDD_2378,0.91,J,0.32
NJ_MALL_11_AD DUP,TCDD_Total,0.91,J,0.32
NJ_MALL_11_AD DUP,PeCDF_12378,0.43,J,0.36
NJ_MALL_11_AD DUP,PeCDF_23478,0.95,IJ,0.14
NJ_MALL_11_AD DUP,PeCDF_Total,2.5,BJ,0.14
NJ_MALL_11_AD DUP,PeCDD_12378,0.33,IJ,0.26
NJ_MALL_11_AD DUP,PeCDD_Total,ND,,0.26
NJ_MALL_11_AD DUP,HxCDF_123478,1.1,PJ,0.1
NJ_MALL_11_AD DUP,HxCDF_123678,0.65,BJ,0.22
NJ_MALL_11_AD DUP,HxCDF_234678,ND,,0.2
NJ_MALL_11_AD DUP,HxCDF_123789,0.22,IJ,0.086
NJ_MALL_11_AD DUP,HxCDF_Total,2.1,BJ,0.086
NJ_MALL_11_AD DUP,HxCDD_123478,0.65,J,0.33
NJ_MALL_11_AD DUP,HxCDD_123678,0.7,J,0.27
NJ_MALL_11_AD DUP,HxCDD_123789,ND,,0.24
NJ_MALL_11_AD DUP,HxCDD_Total,1.4,J,0.24
NJ_MALL_11_AD DUP,HpCDF_1234678,1.5,J,0.49
NJ_MALL_11_AD DUP,HpCDF_1234789,ND,,0.65
NJ_MALL_11_AD DUP,HpCDF_Total,1.5,J,0.49
NJ_MALL_11_AD DUP,HpCDD_1234678,0.97,BJ,0.19
NJ_MALL_11_AD DUP,HpCDD_Total,1.9,BJ,0.19
NJ_MALL_11_AD DUP,OCDF,0.54,IJ,0.35
NJ_MALL_11_AD DUP,OCDD,2.3,IJ,0.34
NJ_MALL_11_AD DUP,TEQ,2.1,,
NJ_MALL_30_AD,Moisture_Percent,68.3,,
NJ_MALL_30_AD,Lipid_Percent,6.38,,
NJ_MALL_30_AD,TCDF_2378,2.9,,0.28
NJ_MALL_30_AD,TCDF_Total,4.8,,0.28
NJ_MALL_30_AD,TCDD_2378,0.61,IJ,0.16
NJ_MALL_30_AD,TCDD_Total,ND,,0.16
NJ_MALL_30_AD,PeCDF_12378,ND,,0.45
NJ_MALL_30_AD,PeCDF_23478,0.91,BJ,0.3
NJ_MALL_30_AD,PeCDF_Total,0.91,BJ,0.3
NJ_MALL_30_AD,PeCDD_12378,0.52,J,0.31
NJ_MALL_30_AD,PeCDD_Total,0.52,J,0.31
NJ_MALL_30_AD,HxCDF_123478,1.1,PJ,0.21
NJ_MALL_30_AD,HxCDF_123678,0.86,PJ,0.29
NJ_MALL_30_AD,HxCDF_234678,0.36,IJ,0.13
NJ_MALL_30_AD,HxCDF_123789,ND,,0.4
NJ_MALL_30_AD,HxCDF_Total,1.7,BJ,0.13
NJ_MALL_30_AD,HxCDD_123478,0.46,J,0.16
NJ_MALL_30_AD,HxCDD_123678,0.39,IJ,0.18
NJ_MALL_30_AD,HxCDD_123789,ND,,0.15
NJ_MALL_30_AD,HxCDD_Total,0.46,J,0.15
NJ_MALL_30_AD,HpCDF_1234678,1.2,J,0.31
NJ_MALL_30_AD,HpCDF_1234789,ND,,0.94
NJ_MALL_30_AD,HpCDF_Total,1.2,J,0.31
NJ_MALL_30_AD,HpCDD_1234678,0.88,BJ,0.13
NJ_MALL_30_AD,HpCDD_Total,1.7,BJ,0.13
NJ_MALL_30_AD,OCDF,0.5,IJ,0.19
NJ_MALL_30_AD,OCDD,1.2,IJ,0.15
NJ_MALL_30_AD,TEQ,2,,
NJ_MALL_40_AD,Moisture_Percent,69.2,,
NJ_MALL_40_AD,Lipid_Percent,9.11,,
NJ_MALL_40_AD,TCDF_2378,12,,0.24
NJ_MALL_40_AD,TCDF_Total,21,,0.24
NJ_MALL_40_AD,TCDD_2378,45,,0.2
NJ_MALL_40_AD,TCDD_Total,45,,0.2
NJ_MALL_40_AD,PeCDF_12378,2.3,J,0.27
NJ_MALL_40_AD,PeCDF_23478,5.4,,0.22
NJ_MALL_40_AD,PeCDF_Total,12,,0.22
NJ_MALL_40_AD,PeCDD_12378,2,J,0.17
NJ_MALL_40_AD,PeCDD_Total,4.6,J,0.17
NJ_MALL_40_AD,HxCDF_123478,3.2,J,0.21
NJ_MALL_40_AD,HxCDF_123678,8.1,,0.3
NJ_MALL_40_AD,HxCDF_234678,3.9,PJ,0.37
NJ_MALL_40_AD,HxCDF_123789,ND,,0.38
NJ_MALL_40_AD,HxCDF_Total,19,,0.21
NJ_MALL_40_AD,HxCDD_123478,0.59,IJ,0.49
NJ_MALL_40_AD,HxCDD_123678,1.3,J,0.35
NJ_MALL_40_AD,HxCDD_123789,ND,,0.18
NJ_MALL_40_AD,HxCDD_Total,1.3,BJ,0.18
NJ_MALL_40_AD,HpCDF_1234678,ND,,1.4
NJ_MALL_40_AD,HpCDF_1234789,ND,,1.2
NJ_MALL_40_AD,HpCDF_Total,ND,,1.2
NJ_MALL_40_AD,HpCDD_1234678,0.71,IJ,0.22
NJ_MALL_40_AD,HpCDD_Total,0.71,BJ,0.22
NJ_MALL_40_AD,OCDF,ND,,0.68
NJ_MALL_40_AD,OCDD,3,BJ,0.18
NJ_MALL_40_AD,TEQ,52,,
NJ_MALL_60_AD,Moisture_Percent,64.3,,
NJ_MALL_60_AD,Lipid_Percent,15.5,,
NJ_MALL_60_AD,TCDF_2378,2,,0.44
NJ_MALL_60_AD,TCDF_Total,4.4,,0.44
NJ_MALL_60_AD,TCDD_2378,0.3,J,0.26
NJ_MALL_60_AD,TCDD_Total,0.3,J,0.26
NJ_MALL_60_AD,PeCDF_12378,ND,,0.38
NJ_MALL_60_AD,PeCDF_23478,0.96,J,0.2
NJ_MALL_60_AD,PeCDF_Total,2,J,0.2
NJ_MALL_60_AD,PeCDD_12378,0.46,J,0.31
NJ_MALL_60_AD,PeCDD_Total,0.46,J,0.31
NJ_MALL_60_AD,HxCDF_123478,0.46,PJ,0.33
NJ_MALL_60_AD,HxCDF_123678,ND,,0.35
NJ_MALL_60_AD,HxCDF_234678,ND,,0.3
NJ_MALL_60_AD,HxCDF_123789,ND,,0.32
NJ_MALL_60_AD,HxCDF_Total,ND,,0.3
NJ_MALL_60_AD,HxCDD_123478,ND,,0.34
NJ_MALL_60_AD,HxCDD_123678,0.35,IJ,0.26
NJ_MALL_60_AD,HxCDD_123789,ND,,0.27
NJ_MALL_60_AD,HxCDD_Total,ND,,0.26
NJ_MALL_60_AD,HpCDF_1234678,ND,,0.36
NJ_MALL_60_AD,HpCDF_1234789,ND,,0.57
NJ_MALL_60_AD,HpCDF_Total,ND,,0.36
NJ_MALL_60_AD,HpCDD_1234678,0.98,IJ,0.36
NJ_MALL_60_AD,HpCDD_Total,ND,,0.36
NJ_MALL_60_AD,OCDF,ND,,0.5
NJ_MALL_60_AD,OCDD,7.6,BJ,0.44
NJ_MALL_60_AD,TEQ,1.4,,
NJ_WODU_01_AD,Moisture_Percent,74.7,,
NJ_WODU_01_AD,Lipid_Percent,2.21,,
NJ_WODU_01_AD,TCDF_2378,0.35,J,0.18
NJ_WODU_01_AD,TCDF_Total,0.35,J,0.18
NJ_WODU_01_AD,TCDD_2378,ND,,0.2
NJ_WODU_01_AD,TCDD_Total,0.61,J,0.2
NJ_WODU_01_AD,PeCDF_12378,ND,,0.35
NJ_WODU_01_AD,PeCDF_23478,ND,,0.22
NJ_WODU_01_AD,PeCDF_Total,1,BJ,0.22
NJ_WODU_01_AD,PeCDD_12378,ND,,0.31
NJ_WODU_01_AD,PeCDD_Total,ND,,0.31
NJ_WODU_01_AD,HxCDF_123478,0.46,IJ,0.19
NJ_WODU_01_AD,HxCDF_123678,ND,,0.25
NJ_WODU_01_AD,HxCDF_234678,ND,,0.26
NJ_WODU_01_AD,HxCDF_123789,ND,,0.42
NJ_WODU_01_AD,HxCDF_Total,1.5,BJ,0.19
NJ_WODU_01_AD,HxCDD_123478,ND,,0.23
NJ_WODU_01_AD,HxCDD_123678,ND,,0.2
NJ_WODU_01_AD,HxCDD_123789,ND,,0.19
NJ_WODU_01_AD,HxCDD_Total,ND,,0.19
NJ_WODU_01_AD,HpCDF_1234678,0.89,IJ,0.36
NJ_WODU_01_AD,HpCDF_1234789,ND,,1.2
NJ_WODU_01_AD,HpCDF_Total,ND,,0.36
NJ_WODU_01_AD,HpCDD_1234678,0.67,BJ,0.28
NJ_WODU_01_AD,HpCDD_Total,1.5,BJ,0.28
NJ_WODU_01_AD,OCDF,ND,,0.6
NJ_WODU_01_AD,OCDD,1.2,BJ,0.56
NJ_WODU_01_AD,TEQ,0.097,,
NJ_WODU_01_JK,Moisture_Percent,71.1,,
NJ_WODU_01_JK,Lipid_Percent,8.77,,
NJ_WODU_01_JK,TCDF_2378,0.28,J,0.12
NJ_WODU_01_JK,TCDF_Total,0.28,J,0.12
NJ_WODU_01_JK,TCDD_2378,ND,,0.19
NJ_WODU_01_JK,TCDD_Total,ND,,0.19
NJ_WODU_01_JK,PeCDF_12378,ND,,0.22
NJ_WODU_01_JK,PeCDF_23478,ND,,0.051
NJ_WODU_01_JK,PeCDF_Total,0.52,BJ,0.051
NJ_WODU_01_JK,PeCDD_12378,ND,,0.23
NJ_WODU_01_JK,PeCDD_Total,ND,,0.23
NJ_WODU_01_JK,HxCDF_123478,0.25,IJ,0.19
NJ_WODU_01_JK,HxCDF_123678,ND,,0.26
NJ_WODU_01_JK,HxCDF_234678,ND,,0.27
NJ_WODU_01_JK,HxCDF_123789,ND,,0.32
NJ_WODU_01_JK,HxCDF_Total,0.36,BJ,0.19
NJ_WODU_01_JK,HxCDD_123478,ND,,0.28
NJ_WODU_01_JK,HxCDD_123678,ND,,0.23
NJ_WODU_01_JK,HxCDD_123789,ND,,0.2
NJ_WODU_01_JK,HxCDD_Total,ND,,0.2
NJ_WODU_01_JK,HpCDF_1234678,0.73,J,0.6
NJ_WODU_01_JK,HpCDF_1234789,ND,,0.55
NJ_WODU_01_JK,HpCDF_Total,0.73,J,0.55
NJ_WODU_01_JK,HpCDD_1234678,0.46,BJ,0.2
NJ_WODU_01_JK,HpCDD_Total,1.2,BJ,0.2
NJ_WODU_01_JK,OCDF,0.33,IJ,0.29
NJ_WODU_01_JK,OCDD,ND,,0.47
NJ_WODU_01_JK,TEQ,0.065,,
NJ_WODU_01_TN,Moisture_Percent,65.7,,
NJ_WODU_01_TN,Lipid_Percent,15,,
NJ_WODU_01_TN,TCDF_2378,0.14,J,0.13
NJ_WODU_01_TN,TCDF_Total,0.28,J,0.13
NJ_WODU_01_TN,TCDD_2378,ND,,0.15
NJ_WODU_01_TN,TCDD_Total,ND,,0.15
NJ_WODU_01_TN,PeCDF_12378,ND,,0.079
NJ_WODU_01_TN,PeCDF_23478,0.11,J,0.06
NJ_WODU_01_TN,PeCDF_Total,0.23,J,0.06
NJ_WODU_01_TN,PeCDD_12378,0.11,IJ,0.078
NJ_WODU_01_TN,PeCDD_Total,ND,,0.078
NJ_WODU_01_TN,HxCDF_123478,ND,,0.076
NJ_WODU_01_TN,HxCDF_123678,ND,,0.081
NJ_WODU_01_TN,HxCDF_234678,ND,,0.083
NJ_WODU_01_TN,HxCDF_123789,ND,,0.12
NJ_WODU_01_TN,HxCDF_Total,ND,,0.076
NJ_WODU_01_TN,HxCDD_123478,0.2,J,0.12
NJ_WODU_01_TN,HxCDD_123678,0.1,IJ,0.091
NJ_WODU_01_TN,HxCDD_123789,ND,,0.071
NJ_WODU_01_TN,HxCDD_Total,0.2,BJ,0.071
NJ_WODU_01_TN,HpCDF_1234678,ND,,0.15
NJ_WODU_01_TN,HpCDF_1234789,ND,,0.18
NJ_WODU_01_TN,HpCDF_Total,ND,,0.15
NJ_WODU_01_TN,HpCDD_1234678,ND,,0.094
NJ_WODU_01_TN,HpCDD_Total,0.14,BJ,0.094
NJ_WODU_01_TN,OCDF,ND,,0.14
NJ_WODU_01_TN,OCDD,0.42,IJ,0.14
NJ_WODU_01_TN,TEQ,0.18,,
NJ_WODU_02_AD,Moisture_Percent,69,,
NJ_WODU_02_AD,Lipid_Percent,7.44,,
NJ_WODU_02_AD,TCDF_2378,ND,,0.11
NJ_WODU_02_AD,TCDF_Total,ND,,0.11
NJ_WODU_02_AD,TCDD_2378,ND,,0.12
NJ_WODU_02_AD,TCDD_Total,ND,,0.12
NJ_WODU_02_AD,PeCDF_12378,ND,,0.082
NJ_WODU_02_AD,PeCDF_23478,ND,,0.064
NJ_WODU_02_AD,PeCDF_Total,ND,,0.064
NJ_WODU_02_AD,PeCDD_12378,ND,,0.091
NJ_WODU_02_AD,PeCDD_Total,ND,,0.091
NJ_WODU_02_AD,HxCDF_123478,ND,,0.068
NJ_WODU_02_AD,HxCDF_123678,ND,,0.081
NJ_WODU_02_AD,HxCDF_234678,ND,,0.089
NJ_WODU_02_AD,HxCDF_123789,ND,,0.093
NJ_WODU_02_AD,HxCDF_Total,ND,,0.068
NJ_WODU_02_AD,HxCDD_123478,0.19,J,0.084
NJ_WODU_02_AD,HxCDD_123678,ND,,0.081
NJ_WODU_02_AD,HxCDD_123789,ND,,0.083
NJ_WODU_02_AD,HxCDD_Total,0.19,J,0.081
NJ_WODU_02_AD,HpCDF_1234678,ND,,0.13
NJ_WODU_02_AD,HpCDF_1234789,ND,,0.14
NJ_WODU_02_AD,HpCDF_Total,ND,,0.13
NJ_WODU_02_AD,HpCDD_1234678,ND,,0.11
NJ_WODU_02_AD,HpCDD_Total,ND,,0.11
NJ_WODU_02_AD,OCDF,ND,,0.13
NJ_WODU_02_AD,OCDD,0.37,IJ,0.15
NJ_WODU_02_AD,TEQ,0.019,,
NJ_WODU_03_AD,Moisture_Percent,71.4,,
NJ_WODU_03_AD,Lipid_Percent,4.98,,
NJ_WODU_03_AD,TCDF_2378,0.32,IJ,0.16
NJ_WODU_03_AD,TCDF_Total,0.26,J,0.16
NJ_WODU_03_AD,TCDD_2378,0.43,J,0.17
NJ_WODU_03_AD,TCDD_Total,0.43,J,0.17
NJ_WODU_03_AD,PeCDF_12378,ND,,0.13
NJ_WODU_03_AD,PeCDF_23478,0.11,J,0.098
NJ_WODU_03_AD,PeCDF_Total,0.24,J,0.098
NJ_WODU_03_AD,PeCDD_12378,ND,,0.12
NJ_WODU_03_AD,PeCDD_Total,ND,,0.12
NJ_WODU_03_AD,HxCDF_123478,ND,,0.11
NJ_WODU_03_AD,HxCDF_123678,ND,,0.11
NJ_WODU_03_AD,HxCDF_234678,ND,,0.12
NJ_WODU_03_AD,HxCDF_123789,ND,,0.16
NJ_WODU_03_AD,HxCDF_Total,0.23,BJ,0.11
NJ_WODU_03_AD,HxCDD_123478,0.15,IJ,0.11
NJ_WODU_03_AD,HxCDD_123678,ND,,0.11
NJ_WODU_03_AD,HxCDD_123789,ND,,0.099
NJ_WODU_03_AD,HxCDD_Total,ND,,0.099
NJ_WODU_03_AD,HpCDF_1234678,ND,,0.14
NJ_WODU_03_AD,HpCDF_1234789,ND,,0.21
NJ_WODU_03_AD,HpCDF_Total,ND,,0.14
NJ_WODU_03_AD,HpCDD_1234678,0.11,IJ,0.087
NJ_WODU_03_AD,HpCDD_Total,ND,,0.087
NJ_WODU_03_AD,OCDF,ND,,0.14
NJ_WODU_03_AD,OCDD,0.83,IJ,0.19
NJ_WODU_03_AD,TEQ,0.51,,
NJ_WODU_03_LC,Moisture_Percent,69.5,,
NJ_WODU_03_LC,Lipid_Percent,7.33,,
NJ_WODU_03_LC,TCDF_2378,0.12,J,0.081
NJ_WODU_03_LC,TCDF_Total,0.12,J,0.081
NJ_WODU_03_LC,TCDD_2378,ND,,0.069
NJ_WODU_03_LC,TCDD_Total,ND,,0.069
NJ_WODU_03_LC,PeCDF_12378,ND,,0.06
NJ_WODU_03_LC,PeCDF_23478,0.065,IJ,0.046
NJ_WODU_03_LC,PeCDF_Total,ND,,0.046
NJ_WODU_03_LC,PeCDD_12378,ND,,0.068
NJ_WODU_03_LC,PeCDD_Total,ND,,0.068
NJ_WODU_03_LC,HxCDF_123478,ND,,0.056
NJ_WODU_03_LC,HxCDF_123678,ND,,0.061
NJ_WODU_03_LC,HxCDF_234678,0.089,J,0.063
NJ_WODU_03_LC,HxCDF_123789,0.06,IJ,0.044
NJ_WODU_03_LC,HxCDF_Total,0.089,BJ,0.044
NJ_WODU_03_LC,HxCDD_123478,0.16,IJ,0.065
NJ_WODU_03_LC,HxCDD_123678,0.076,IJ,0.069
NJ_WODU_03_LC,HxCDD_123789,ND,,0.071
NJ_WODU_03_LC,HxCDD_Total,0.3,BJ,0.065
NJ_WODU_03_LC,HpCDF_1234678,ND,,0.097
NJ_WODU_03_LC,HpCDF_1234789,ND,,0.13
NJ_WODU_03_LC,HpCDF_Total,ND,,0.097
NJ_WODU_03_LC,HpCDD_1234678,0.18,J,0.043
NJ_WODU_03_LC,HpCDD_Total,0.18,BJ,0.043
NJ_WODU_03_LC,OCDF,ND,,0.089
NJ_WODU_03_LC,OCDD,0.99,BJ,0.18
NJ_WODU_03_LC,TEQ,0.073,,
NJ_WODU_11_AD,Moisture_Percent,69.9,,
NJ_WODU_11_AD,Lipid_Percent,6.31,,
NJ_WODU_11_AD,TCDF_2378,ND,,0.15
NJ_WODU_11_AD,TCDF_Total,0.68,J,0.15
NJ_WODU_11_AD,TCDD_2378,ND,,0.15
NJ_WODU_11_AD,TCDD_Total,ND,,0.15
NJ_WODU_11_AD,PeCDF_12378,ND,,0.19
NJ_WODU_11_AD,PeCDF_23478,0.12,IJ,0.11
NJ_WODU_11_AD,PeCDF_Total,1.3,J,0.11
NJ_WODU_11_AD,PeCDD_12378,ND,,0.11
NJ_WODU_11_AD,PeCDD_Total,ND,,0.11
NJ_WODU_11_AD,HxCDF_123478,ND,,0.093
NJ_WODU_11_AD,HxCDF_123678,ND,,0.081
NJ_WODU_11_AD,HxCDF_234678,ND,,0.13
NJ_WODU_11_AD,HxCDF_123789,ND,,0.081
NJ_WODU_11_AD,HxCDF_Total,ND,,0.081
NJ_WODU_11_AD,HxCDD_123478,0.19,IJ,0.14
NJ_WODU_11_AD,HxCDD_123678,0.14,IJ,0.13
NJ_WODU_11_AD,HxCDD_123789,ND,,0.1
NJ_WODU_11_AD,HxCDD_Total,ND,,0.1
NJ_WODU_11_AD,HpCDF_1234678,ND,,0.17
NJ_WODU_11_AD,HpCDF_1234789,ND,,0.22
NJ_WODU_11_AD,HpCDF_Total,1.6,BJ,0.17
NJ_WODU_11_AD,HpCDD_1234678,0.31,J,0.098
NJ_WODU_11_AD,HpCDD_Total,0.31,BJ,0.098
NJ_WODU_11_AD,OCDF,ND,,0.14
NJ_WODU_11_AD,OCDD,1.5,BJ,0.2
NJ_WODU_11_AD,TEQ,0.073,,
